pge.uet.edu.pk,2022-21661
pge.uet.edu.pk,2022-21662
pge.uet.edu.pk,2022-21664
pge.uet.edu.pk,2022-21663
www.nie.gov.pk,2016-1564
www.nie.gov.pk,2016-2222
www.nie.gov.pk,2016-2221
www.nie.gov.pk,2016-4029
www.nie.gov.pk,2016-6634
www.nie.gov.pk,2016-6635
www.nie.gov.pk,2016-4567
www.nie.gov.pk,2016-4566
www.nie.gov.pk,2016-5833
www.nie.gov.pk,2016-5834
www.nie.gov.pk,2016-5835
www.nie.gov.pk,2016-5837
www.nie.gov.pk,2016-7168
www.nie.gov.pk,2016-7169
oric.itu.edu.pk,2021-29450
oric.itu.edu.pk,2020-36326
oric.itu.edu.pk,2018-19296
jcrc.aiou.edu.pk,2021-39200
jcrc.aiou.edu.pk,2021-39201
imbb.uol.edu.pk,2021-29450
imbb.uol.edu.pk,2020-36326
imbb.uol.edu.pk,2018-19296
mardan.wideband.com.pk,2020-11027
mardan.wideband.com.pk,2020-11028
mardan.wideband.com.pk,2020-11025
mardan.wideband.com.pk,2020-11030
mardan.wideband.com.pk,2020-11029
mardan.wideband.com.pk,2020-11026
mardan.wideband.com.pk,2020-4046
mardan.wideband.com.pk,2020-4047
mardan.wideband.com.pk,2020-4048
mardan.wideband.com.pk,2020-4049
mardan.wideband.com.pk,2020-4050
mardan.wideband.com.pk,2020-25286
mardan.wideband.com.pk,2021-29450
mardan.wideband.com.pk,2020-36326
mardan.wideband.com.pk,2018-19296
spider.itu.edu.pk,2019-16222
spider.itu.edu.pk,2019-16219
spider.itu.edu.pk,2019-17674
spider.itu.edu.pk,2019-17671
spider.itu.edu.pk,2019-17672
spider.itu.edu.pk,2019-17673
spider.itu.edu.pk,2019-17669
spider.itu.edu.pk,2019-17670
spider.itu.edu.pk,2019-17675
spider.itu.edu.pk,2019-20043
spider.itu.edu.pk,2019-16788
spider.itu.edu.pk,2019-20042
spider.itu.edu.pk,2019-16781
spider.itu.edu.pk,2019-16780
spider.itu.edu.pk,2019-20041
spider.itu.edu.pk,2020-11027
spider.itu.edu.pk,2020-11028
spider.itu.edu.pk,2020-11025
spider.itu.edu.pk,2020-11030
spider.itu.edu.pk,2020-11029
spider.itu.edu.pk,2020-11026
arch.uol.edu.pk,2021-29450
arch.uol.edu.pk,2020-36326
arch.uol.edu.pk,2018-19296
www.mitchells.com.pk,2018-20147
www.mitchells.com.pk,2018-20152
www.mitchells.com.pk,2018-20148
www.mitchells.com.pk,2018-20153
www.mitchells.com.pk,2018-20150
www.mitchells.com.pk,2018-20151
www.mitchells.com.pk,2018-20149
www.mitchells.com.pk,2019-8942
www.mitchells.com.pk,2019-8943
www.mitchells.com.pk,2019-9787
www.mitchells.com.pk,2019-16222
www.mitchells.com.pk,2019-17674
www.mitchells.com.pk,2019-17671
www.mitchells.com.pk,2019-17672
www.mitchells.com.pk,2019-17673
www.mitchells.com.pk,2019-17669
www.mitchells.com.pk,2019-17670
www.mitchells.com.pk,2019-17675
www.mitchells.com.pk,2019-20043
www.mitchells.com.pk,2019-16788
www.mitchells.com.pk,2019-20042
www.mitchells.com.pk,2019-16781
www.mitchells.com.pk,2019-16780
www.mitchells.com.pk,2019-20041
www.mitchells.com.pk,2020-11027
www.mitchells.com.pk,2020-11028
www.mitchells.com.pk,2020-11025
www.mitchells.com.pk,2020-11029
www.mitchells.com.pk,2020-11026
www.mitchells.com.pk,2021-29450
www.mitchells.com.pk,2020-36326
www.mitchells.com.pk,2018-19296
www.mitchells.com.pk,2021-44223
www.mitchells.com.pk,2022-21661
www.mitchells.com.pk,2022-21662
www.mitchells.com.pk,2022-21664
www.mitchells.com.pk,2022-21663
rdudtem.uet.edu.pk,2022-21661
rdudtem.uet.edu.pk,2022-21662
rdudtem.uet.edu.pk,2022-21664
rdudtem.uet.edu.pk,2022-21663
dreams.org.pk,2018-12895
dreams.org.pk,2018-20147
dreams.org.pk,2018-20152
dreams.org.pk,2018-20148
dreams.org.pk,2018-20153
dreams.org.pk,2018-20150
dreams.org.pk,2018-20151
dreams.org.pk,2018-20149
dreams.org.pk,2019-8942
dreams.org.pk,2019-8943
dreams.org.pk,2019-9787
dreams.org.pk,2019-16222
dreams.org.pk,2019-17674
dreams.org.pk,2019-17671
dreams.org.pk,2019-17672
dreams.org.pk,2019-17673
dreams.org.pk,2019-17669
dreams.org.pk,2019-17670
dreams.org.pk,2019-17675
dreams.org.pk,2019-20043
dreams.org.pk,2019-16788
dreams.org.pk,2019-20042
dreams.org.pk,2019-16781
dreams.org.pk,2019-16780
dreams.org.pk,2019-20041
dreams.org.pk,2020-11027
dreams.org.pk,2020-11028
dreams.org.pk,2020-11025
dreams.org.pk,2020-11029
dreams.org.pk,2020-11026
dreams.org.pk,2021-29450
dreams.org.pk,2020-36326
dreams.org.pk,2018-19296
dreams.org.pk,2021-44223
dreams.org.pk,2022-21661
dreams.org.pk,2022-21662
dreams.org.pk,2022-21664
dreams.org.pk,2022-21663
icamet.uet.edu.pk,2016-2222
icamet.uet.edu.pk,2016-2221
icamet.uet.edu.pk,2016-4029
icamet.uet.edu.pk,2016-6634
icamet.uet.edu.pk,2016-6635
icamet.uet.edu.pk,2016-4567
icamet.uet.edu.pk,2016-4566
icamet.uet.edu.pk,2016-5833
icamet.uet.edu.pk,2016-5834
icamet.uet.edu.pk,2016-5835
icamet.uet.edu.pk,2016-5837
icamet.uet.edu.pk,2016-7168
icamet.uet.edu.pk,2016-7169
slab.itu.edu.pk,2019-16222
slab.itu.edu.pk,2019-16219
slab.itu.edu.pk,2019-17674
slab.itu.edu.pk,2019-17671
slab.itu.edu.pk,2019-17672
slab.itu.edu.pk,2019-17673
slab.itu.edu.pk,2019-17669
slab.itu.edu.pk,2019-17670
slab.itu.edu.pk,2019-17675
slab.itu.edu.pk,2019-20043
slab.itu.edu.pk,2019-16788
slab.itu.edu.pk,2019-20042
slab.itu.edu.pk,2019-16781
slab.itu.edu.pk,2019-16780
slab.itu.edu.pk,2019-20041
slab.itu.edu.pk,2020-11027
slab.itu.edu.pk,2020-11028
slab.itu.edu.pk,2020-11025
slab.itu.edu.pk,2020-11030
slab.itu.edu.pk,2020-11029
slab.itu.edu.pk,2020-11026
icstca.sau.edu.pk,2022-21661
icstca.sau.edu.pk,2022-21662
icstca.sau.edu.pk,2022-21664
icstca.sau.edu.pk,2022-21663
bahria.edu.pk,2022-21661
bahria.edu.pk,2022-21662
bahria.edu.pk,2022-21664
bahria.edu.pk,2022-21663
csit.leads.edu.pk,2021-44223
csit.leads.edu.pk,2022-21661
csit.leads.edu.pk,2022-21662
csit.leads.edu.pk,2022-21664
csit.leads.edu.pk,2022-21663
dce.uol.edu.pk,2021-29450
dce.uol.edu.pk,2020-36326
dce.uol.edu.pk,2018-19296
mail.meb.com.pk,2021-29450
mail.meb.com.pk,2020-36326
mail.meb.com.pk,2018-19296
cerad.uet.edu.pk,2022-21661
cerad.uet.edu.pk,2022-21662
cerad.uet.edu.pk,2022-21664
cerad.uet.edu.pk,2022-21663
mail.wddbalochistan.gob.pk,2021-29450
mail.wddbalochistan.gob.pk,2020-36326
mail.wddbalochistan.gob.pk,2018-19296
envs.uol.edu.pk,2021-29450
envs.uol.edu.pk,2020-36326
envs.uol.edu.pk,2018-19296
isb.uol.edu.pk,2021-29450
isb.uol.edu.pk,2020-36326
isb.uol.edu.pk,2018-19296
203-128-8-58.brain.net.pk,2019-17674
203-128-8-58.brain.net.pk,2019-17671
203-128-8-58.brain.net.pk,2019-17672
203-128-8-58.brain.net.pk,2019-17673
203-128-8-58.brain.net.pk,2019-17669
203-128-8-58.brain.net.pk,2019-17670
203-128-8-58.brain.net.pk,2019-17675
203-128-8-58.brain.net.pk,2019-20043
203-128-8-58.brain.net.pk,2019-16788
203-128-8-58.brain.net.pk,2019-20042
203-128-8-58.brain.net.pk,2019-16781
203-128-8-58.brain.net.pk,2019-16780
203-128-8-58.brain.net.pk,2019-20041
203-128-8-58.brain.net.pk,2020-11027
203-128-8-58.brain.net.pk,2020-11028
203-128-8-58.brain.net.pk,2020-11025
203-128-8-58.brain.net.pk,2020-11029
203-128-8-58.brain.net.pk,2020-11026
ieer.uet.edu.pk,2022-21661
ieer.uet.edu.pk,2022-21662
ieer.uet.edu.pk,2022-21664
ieer.uet.edu.pk,2022-21663
islamic.uol.edu.pk,2021-29450
islamic.uol.edu.pk,2020-36326
islamic.uol.edu.pk,2018-19296
fm.itu.edu.pk,2020-28032
fm.itu.edu.pk,2020-28033
fm.itu.edu.pk,2020-28034
fm.itu.edu.pk,2020-28035
fm.itu.edu.pk,2020-28036
fm.itu.edu.pk,2020-28037
fm.itu.edu.pk,2020-28038
fm.itu.edu.pk,2020-28039
fm.itu.edu.pk,2020-28040
fm.itu.edu.pk,2021-29450
fm.itu.edu.pk,2020-36326
fm.itu.edu.pk,2018-19296
ffc.gov.pk,2019-16222
ffc.gov.pk,2019-17674
ffc.gov.pk,2019-17671
ffc.gov.pk,2019-17672
ffc.gov.pk,2019-17673
ffc.gov.pk,2019-17669
ffc.gov.pk,2019-17670
ffc.gov.pk,2019-17675
ffc.gov.pk,2019-20043
ffc.gov.pk,2019-16788
ffc.gov.pk,2019-20042
ffc.gov.pk,2019-16781
ffc.gov.pk,2019-16780
ffc.gov.pk,2019-20041
ffc.gov.pk,2020-11027
ffc.gov.pk,2020-11028
ffc.gov.pk,2020-11025
ffc.gov.pk,2020-11029
ffc.gov.pk,2020-11026
ce.itu.edu.pk,2020-4046
ce.itu.edu.pk,2020-4047
ce.itu.edu.pk,2020-4048
ce.itu.edu.pk,2020-4049
ce.itu.edu.pk,2020-4050
ce.itu.edu.pk,2020-25286
ce.itu.edu.pk,2021-29450
ce.itu.edu.pk,2020-36326
ce.itu.edu.pk,2018-19296
iuisl.iqra.edu.pk,2020-28032
iuisl.iqra.edu.pk,2020-28033
iuisl.iqra.edu.pk,2020-28034
iuisl.iqra.edu.pk,2020-28035
iuisl.iqra.edu.pk,2020-28036
iuisl.iqra.edu.pk,2020-28037
iuisl.iqra.edu.pk,2020-28038
iuisl.iqra.edu.pk,2020-28039
iuisl.iqra.edu.pk,2020-28040
iuisl.iqra.edu.pk,2021-29450
iuisl.iqra.edu.pk,2020-36326
iuisl.iqra.edu.pk,2018-19296
vispro.itu.edu.pk,2019-16222
vispro.itu.edu.pk,2019-16219
vispro.itu.edu.pk,2019-17674
vispro.itu.edu.pk,2019-17671
vispro.itu.edu.pk,2019-17672
vispro.itu.edu.pk,2019-17673
vispro.itu.edu.pk,2019-17669
vispro.itu.edu.pk,2019-17670
vispro.itu.edu.pk,2019-17675
vispro.itu.edu.pk,2019-20043
vispro.itu.edu.pk,2019-16788
vispro.itu.edu.pk,2019-20042
vispro.itu.edu.pk,2019-16781
vispro.itu.edu.pk,2019-16780
vispro.itu.edu.pk,2019-20041
vispro.itu.edu.pk,2020-11027
vispro.itu.edu.pk,2020-11028
vispro.itu.edu.pk,2020-11025
vispro.itu.edu.pk,2020-11030
vispro.itu.edu.pk,2020-11029
vispro.itu.edu.pk,2020-11026
ltd.propakistani.pk,2019-16222
ltd.propakistani.pk,2019-17674
ltd.propakistani.pk,2019-17671
ltd.propakistani.pk,2019-17672
ltd.propakistani.pk,2019-17673
ltd.propakistani.pk,2019-17669
ltd.propakistani.pk,2019-17670
ltd.propakistani.pk,2019-17675
ltd.propakistani.pk,2019-20043
ltd.propakistani.pk,2019-16788
ltd.propakistani.pk,2019-20042
ltd.propakistani.pk,2019-16781
ltd.propakistani.pk,2019-16780
ltd.propakistani.pk,2019-20041
ltd.propakistani.pk,2020-11027
ltd.propakistani.pk,2020-11028
ltd.propakistani.pk,2020-11025
ltd.propakistani.pk,2020-11029
ltd.propakistani.pk,2020-11026
acoustics-lab.itu.edu.pk,2021-29447
acoustics-lab.itu.edu.pk,2021-29450
acoustics-lab.itu.edu.pk,2020-36326
acoustics-lab.itu.edu.pk,2018-19296
ee.itu.edu.pk,2020-4046
ee.itu.edu.pk,2020-4047
ee.itu.edu.pk,2020-4048
ee.itu.edu.pk,2020-4049
ee.itu.edu.pk,2020-4050
ee.itu.edu.pk,2020-25286
ee.itu.edu.pk,2021-29450
ee.itu.edu.pk,2020-36326
ee.itu.edu.pk,2018-19296
index.lums.edu.pk,2017-6814
index.lums.edu.pk,2017-6815
index.lums.edu.pk,2017-6816
index.lums.edu.pk,2017-6817
index.lums.edu.pk,2017-6818
index.lums.edu.pk,2017-6819
index.lums.edu.pk,2017-8295
index.lums.edu.pk,2017-9066
index.lums.edu.pk,2017-9062
index.lums.edu.pk,2017-9065
index.lums.edu.pk,2017-9064
index.lums.edu.pk,2017-9061
index.lums.edu.pk,2017-9063
index.lums.edu.pk,2017-14723
ell.uol.edu.pk,2021-29450
ell.uol.edu.pk,2020-36326
ell.uol.edu.pk,2018-19296
bumun.bnu.edu.pk,2018-5776
bumun.bnu.edu.pk,2016-9263
bumun.bnu.edu.pk,2018-6389
bumun.bnu.edu.pk,2018-10101
bumun.bnu.edu.pk,2018-10100
bumun.bnu.edu.pk,2018-10102
bumun.bnu.edu.pk,2018-12895
bumun.bnu.edu.pk,2018-20147
bumun.bnu.edu.pk,2018-20152
bumun.bnu.edu.pk,2018-20148
bumun.bnu.edu.pk,2018-20153
bumun.bnu.edu.pk,2018-20150
bumun.bnu.edu.pk,2018-20151
bumun.bnu.edu.pk,2018-20149
bumun.bnu.edu.pk,2019-8942
bumun.bnu.edu.pk,2019-8943
bumun.bnu.edu.pk,2019-9787
bumun.bnu.edu.pk,2019-16222
bumun.bnu.edu.pk,2019-17674
bumun.bnu.edu.pk,2019-17671
bumun.bnu.edu.pk,2019-17672
bumun.bnu.edu.pk,2019-17673
bumun.bnu.edu.pk,2019-17669
bumun.bnu.edu.pk,2019-17670
bumun.bnu.edu.pk,2019-17675
bumun.bnu.edu.pk,2019-20043
bumun.bnu.edu.pk,2019-16788
bumun.bnu.edu.pk,2019-20042
bumun.bnu.edu.pk,2019-16781
bumun.bnu.edu.pk,2019-16780
bumun.bnu.edu.pk,2019-20041
bumun.bnu.edu.pk,2020-11027
bumun.bnu.edu.pk,2020-11028
bumun.bnu.edu.pk,2020-11025
bumun.bnu.edu.pk,2020-11029
bumun.bnu.edu.pk,2020-11026
iconn2019.lums.edu.pk,2019-16218
iconn2019.lums.edu.pk,2019-16223
iconn2019.lums.edu.pk,2019-16220
iconn2019.lums.edu.pk,2019-16219
iconn2019.lums.edu.pk,2019-16221
iconn2019.lums.edu.pk,2019-16222
iconn2019.lums.edu.pk,2019-17674
iconn2019.lums.edu.pk,2019-17671
iconn2019.lums.edu.pk,2019-17672
iconn2019.lums.edu.pk,2019-17673
iconn2019.lums.edu.pk,2019-17669
iconn2019.lums.edu.pk,2019-17670
iconn2019.lums.edu.pk,2019-17675
iconn2019.lums.edu.pk,2019-20043
iconn2019.lums.edu.pk,2019-16788
iconn2019.lums.edu.pk,2019-20042
iconn2019.lums.edu.pk,2019-16781
iconn2019.lums.edu.pk,2019-16780
iconn2019.lums.edu.pk,2019-20041
iconn2019.lums.edu.pk,2020-11027
iconn2019.lums.edu.pk,2020-11028
iconn2019.lums.edu.pk,2020-11025
iconn2019.lums.edu.pk,2020-11030
iconn2019.lums.edu.pk,2020-11029
iconn2019.lums.edu.pk,2020-11026
aimsfoundationpakistan.aims.net.pk,2022-21661
aimsfoundationpakistan.aims.net.pk,2022-21662
aimsfoundationpakistan.aims.net.pk,2022-21664
aimsfoundationpakistan.aims.net.pk,2022-21663
oric.kinnaird.edu.pk,2017-8295
oric.kinnaird.edu.pk,2017-17092
oric.kinnaird.edu.pk,2017-17094
oric.kinnaird.edu.pk,2017-17093
oric.kinnaird.edu.pk,2017-17091
oric.kinnaird.edu.pk,2018-5776
oric.kinnaird.edu.pk,2016-9263
oric.kinnaird.edu.pk,2018-6389
oric.kinnaird.edu.pk,2018-10101
oric.kinnaird.edu.pk,2018-10100
oric.kinnaird.edu.pk,2018-10102
oric.kinnaird.edu.pk,2018-12895
oric.kinnaird.edu.pk,2018-20147
oric.kinnaird.edu.pk,2018-20152
oric.kinnaird.edu.pk,2018-20148
oric.kinnaird.edu.pk,2018-20153
oric.kinnaird.edu.pk,2018-20150
oric.kinnaird.edu.pk,2018-20151
oric.kinnaird.edu.pk,2018-20149
oric.kinnaird.edu.pk,2019-8942
oric.kinnaird.edu.pk,2019-8943
oric.kinnaird.edu.pk,2019-9787
oric.kinnaird.edu.pk,2019-16222
oric.kinnaird.edu.pk,2019-17674
oric.kinnaird.edu.pk,2019-17671
oric.kinnaird.edu.pk,2019-17672
oric.kinnaird.edu.pk,2019-17673
oric.kinnaird.edu.pk,2019-17669
oric.kinnaird.edu.pk,2019-17670
oric.kinnaird.edu.pk,2019-17675
oric.kinnaird.edu.pk,2019-20043
oric.kinnaird.edu.pk,2019-16788
oric.kinnaird.edu.pk,2019-20042
oric.kinnaird.edu.pk,2019-16781
oric.kinnaird.edu.pk,2019-16780
oric.kinnaird.edu.pk,2019-20041
oric.kinnaird.edu.pk,2020-11027
oric.kinnaird.edu.pk,2020-11028
oric.kinnaird.edu.pk,2020-11025
oric.kinnaird.edu.pk,2020-11029
oric.kinnaird.edu.pk,2020-11026
oric.kinnaird.edu.pk,2021-29450
oric.kinnaird.edu.pk,2020-36326
oric.kinnaird.edu.pk,2018-19296
oric.kinnaird.edu.pk,2021-44223
oric.kinnaird.edu.pk,2022-21661
oric.kinnaird.edu.pk,2022-21662
oric.kinnaird.edu.pk,2022-21664
oric.kinnaird.edu.pk,2022-21663
cpcalendars.ignite.org.pk,2019-20043
cpcalendars.ignite.org.pk,2019-16788
cpcalendars.ignite.org.pk,2019-20042
cpcalendars.ignite.org.pk,2019-16781
cpcalendars.ignite.org.pk,2019-16780
cpcalendars.ignite.org.pk,2019-20041
cpcalendars.ignite.org.pk,2020-11027
cpcalendars.ignite.org.pk,2020-11028
cpcalendars.ignite.org.pk,2020-11025
cpcalendars.ignite.org.pk,2020-11029
cpcalendars.ignite.org.pk,2020-11026
cpcalendars.ignite.org.pk,2020-4047
cpcalendars.ignite.org.pk,2020-4048
cpcalendars.ignite.org.pk,2020-4049
cpcalendars.ignite.org.pk,2020-4050
cpcalendars.ignite.org.pk,2020-25286
cpcalendars.ignite.org.pk,2021-29450
cpcalendars.ignite.org.pk,2020-36326
cpcalendars.ignite.org.pk,2018-19296
cpcalendars.ignite.org.pk,2021-44223
cpcalendars.ignite.org.pk,2022-21661
cpcalendars.ignite.org.pk,2022-21662
cpcalendars.ignite.org.pk,2022-21664
cpcalendars.ignite.org.pk,2022-21663
jpp.org.pk,2018-20147
jpp.org.pk,2018-20152
jpp.org.pk,2018-20148
jpp.org.pk,2018-20153
jpp.org.pk,2018-20150
jpp.org.pk,2018-20151
jpp.org.pk,2018-20149
jpp.org.pk,2019-8942
jpp.org.pk,2019-8943
jpp.org.pk,2019-9787
jpp.org.pk,2019-16222
jpp.org.pk,2019-17674
jpp.org.pk,2019-17671
jpp.org.pk,2019-17672
jpp.org.pk,2019-17673
jpp.org.pk,2019-17669
jpp.org.pk,2019-17670
jpp.org.pk,2019-17675
jpp.org.pk,2019-20043
jpp.org.pk,2019-16788
jpp.org.pk,2019-20042
jpp.org.pk,2019-16781
jpp.org.pk,2019-16780
jpp.org.pk,2019-20041
jpp.org.pk,2020-11027
jpp.org.pk,2020-11028
jpp.org.pk,2020-11025
jpp.org.pk,2020-11029
jpp.org.pk,2020-11026
jpp.org.pk,2021-29450
jpp.org.pk,2020-36326
jpp.org.pk,2018-19296
jpp.org.pk,2021-44223
jpp.org.pk,2022-21661
jpp.org.pk,2022-21662
jpp.org.pk,2022-21664
jpp.org.pk,2022-21663
bg.qau.edu.pk,2012-2401
bg.qau.edu.pk,2013-0235
dsl.itu.edu.pk,2019-20043
dsl.itu.edu.pk,2019-16788
dsl.itu.edu.pk,2019-20042
dsl.itu.edu.pk,2019-16781
dsl.itu.edu.pk,2019-16780
dsl.itu.edu.pk,2019-20041
dsl.itu.edu.pk,2020-11027
dsl.itu.edu.pk,2020-11028
dsl.itu.edu.pk,2020-11025
dsl.itu.edu.pk,2020-11030
dsl.itu.edu.pk,2020-11029
dsl.itu.edu.pk,2020-11026
dsl.itu.edu.pk,2020-4046
dsl.itu.edu.pk,2020-4047
dsl.itu.edu.pk,2020-4048
dsl.itu.edu.pk,2020-4049
dsl.itu.edu.pk,2020-4050
dsl.itu.edu.pk,2020-25286
dsl.itu.edu.pk,2021-29450
dsl.itu.edu.pk,2020-36326
dsl.itu.edu.pk,2018-19296
sports.qau.edu.pk,2020-36326
sports.qau.edu.pk,2018-19296
sports.qau.edu.pk,2021-44223
sports.qau.edu.pk,2022-21661
sports.qau.edu.pk,2022-21662
sports.qau.edu.pk,2022-21664
sports.qau.edu.pk,2022-21663
blog.olx.com.pk,2021-29450
blog.olx.com.pk,2020-36326
blog.olx.com.pk,2018-19296
cte.itu.edu.pk,2016-6896
cte.itu.edu.pk,2016-6897
cte.itu.edu.pk,2016-7168
cte.itu.edu.pk,2016-7169
nbr.nust.edu.pk,2020-36326
nbr.nust.edu.pk,2018-19296
mail.ric.edu.pk,2021-39200
mail.ric.edu.pk,2021-39201
cvlab.lums.edu.pk,2015-3438
cvlab.lums.edu.pk,2015-3439
cvlab.lums.edu.pk,2015-3440
islamicstudies.leads.edu.pk,2018-20147
islamicstudies.leads.edu.pk,2018-20152
islamicstudies.leads.edu.pk,2018-20148
islamicstudies.leads.edu.pk,2018-20153
islamicstudies.leads.edu.pk,2018-20150
islamicstudies.leads.edu.pk,2018-20151
islamicstudies.leads.edu.pk,2018-20149
islamicstudies.leads.edu.pk,2019-8942
islamicstudies.leads.edu.pk,2019-8943
islamicstudies.leads.edu.pk,2019-9787
islamicstudies.leads.edu.pk,2019-16222
islamicstudies.leads.edu.pk,2019-17674
islamicstudies.leads.edu.pk,2019-17671
islamicstudies.leads.edu.pk,2019-17672
islamicstudies.leads.edu.pk,2019-17673
islamicstudies.leads.edu.pk,2019-17669
islamicstudies.leads.edu.pk,2019-17670
islamicstudies.leads.edu.pk,2019-17675
islamicstudies.leads.edu.pk,2019-20043
islamicstudies.leads.edu.pk,2019-16788
islamicstudies.leads.edu.pk,2019-20042
islamicstudies.leads.edu.pk,2019-16781
islamicstudies.leads.edu.pk,2019-16780
islamicstudies.leads.edu.pk,2019-20041
islamicstudies.leads.edu.pk,2020-11027
islamicstudies.leads.edu.pk,2020-11028
islamicstudies.leads.edu.pk,2020-11025
islamicstudies.leads.edu.pk,2020-11029
islamicstudies.leads.edu.pk,2020-11026
islamicstudies.leads.edu.pk,2021-29450
islamicstudies.leads.edu.pk,2020-36326
islamicstudies.leads.edu.pk,2018-19296
islamicstudies.leads.edu.pk,2021-44223
islamicstudies.leads.edu.pk,2022-21661
islamicstudies.leads.edu.pk,2022-21662
islamicstudies.leads.edu.pk,2022-21664
islamicstudies.leads.edu.pk,2022-21663
coolpoint.net.pk,2017-6814
coolpoint.net.pk,2017-6815
coolpoint.net.pk,2017-6816
coolpoint.net.pk,2017-6817
coolpoint.net.pk,2017-6818
coolpoint.net.pk,2017-6819
coolpoint.net.pk,2017-8295
coolpoint.net.pk,2017-9066
coolpoint.net.pk,2017-9062
coolpoint.net.pk,2017-9065
coolpoint.net.pk,2017-9064
coolpoint.net.pk,2017-9061
coolpoint.net.pk,2017-9063
coolpoint.net.pk,2017-14723
pcrwr.gov.pk,2021-29450
pcrwr.gov.pk,2020-36326
pcrwr.gov.pk,2018-19296
kprti.gov.pk,2021-29447
kprti.gov.pk,2021-29450
kprti.gov.pk,2020-36326
kprti.gov.pk,2018-19296
qec.qau.edu.pk,2012-2401
qec.qau.edu.pk,2013-0235
iqbalconference.bahria.edu.pk,2022-21661
iqbalconference.bahria.edu.pk,2022-21662
iqbalconference.bahria.edu.pk,2022-21664
iqbalconference.bahria.edu.pk,2022-21663
lsps.uol.edu.pk,2021-29450
lsps.uol.edu.pk,2020-36326
lsps.uol.edu.pk,2018-19296
mail.sdckarachi.org.pk,2018-6389
mail.sdckarachi.org.pk,2018-10101
mail.sdckarachi.org.pk,2018-10100
mail.sdckarachi.org.pk,2018-10102
mail.sdckarachi.org.pk,2018-12895
mail.sdckarachi.org.pk,2018-20147
mail.sdckarachi.org.pk,2018-20152
mail.sdckarachi.org.pk,2018-20148
mail.sdckarachi.org.pk,2018-20153
mail.sdckarachi.org.pk,2018-20150
mail.sdckarachi.org.pk,2018-20151
mail.sdckarachi.org.pk,2018-20149
mail.sdckarachi.org.pk,2019-8942
mail.sdckarachi.org.pk,2019-8943
mail.sdckarachi.org.pk,2019-9787
mail.sdckarachi.org.pk,2019-16222
mail.sdckarachi.org.pk,2019-17674
mail.sdckarachi.org.pk,2019-17671
mail.sdckarachi.org.pk,2019-17672
mail.sdckarachi.org.pk,2019-17673
mail.sdckarachi.org.pk,2019-17669
mail.sdckarachi.org.pk,2019-17670
mail.sdckarachi.org.pk,2019-17675
mail.sdckarachi.org.pk,2019-20043
mail.sdckarachi.org.pk,2019-16788
mail.sdckarachi.org.pk,2019-20042
mail.sdckarachi.org.pk,2019-16781
mail.sdckarachi.org.pk,2019-16780
mail.sdckarachi.org.pk,2019-20041
mail.sdckarachi.org.pk,2020-11027
mail.sdckarachi.org.pk,2020-11028
mail.sdckarachi.org.pk,2020-11025
mail.sdckarachi.org.pk,2020-11029
mail.sdckarachi.org.pk,2020-11026
mail.sdckarachi.org.pk,2021-29450
mail.sdckarachi.org.pk,2020-36326
mail.sdckarachi.org.pk,2018-19296
mail.sdckarachi.org.pk,2021-44223
mail.sdckarachi.org.pk,2022-21661
mail.sdckarachi.org.pk,2022-21662
mail.sdckarachi.org.pk,2022-21664
mail.sdckarachi.org.pk,2022-21663
dsu.edu.pk,2018-20147
dsu.edu.pk,2018-20152
dsu.edu.pk,2018-20148
dsu.edu.pk,2018-20153
dsu.edu.pk,2018-20150
dsu.edu.pk,2018-20151
dsu.edu.pk,2018-20149
dsu.edu.pk,2019-8942
dsu.edu.pk,2019-8943
dsu.edu.pk,2019-9787
dsu.edu.pk,2019-16222
dsu.edu.pk,2019-17674
dsu.edu.pk,2019-17671
dsu.edu.pk,2019-17672
dsu.edu.pk,2019-17673
dsu.edu.pk,2019-17669
dsu.edu.pk,2019-17670
dsu.edu.pk,2019-17675
dsu.edu.pk,2019-20043
dsu.edu.pk,2019-16788
dsu.edu.pk,2019-20042
dsu.edu.pk,2019-16781
dsu.edu.pk,2019-16780
dsu.edu.pk,2019-20041
dsu.edu.pk,2020-11027
dsu.edu.pk,2020-11028
dsu.edu.pk,2020-11025
dsu.edu.pk,2020-11029
dsu.edu.pk,2020-11026
dsu.edu.pk,2021-29450
dsu.edu.pk,2020-36326
dsu.edu.pk,2018-19296
dsu.edu.pk,2021-44223
dsu.edu.pk,2022-21661
dsu.edu.pk,2022-21662
dsu.edu.pk,2022-21664
dsu.edu.pk,2022-21663
nanotechlab.itu.edu.pk,2019-20043
nanotechlab.itu.edu.pk,2019-16788
nanotechlab.itu.edu.pk,2019-20042
nanotechlab.itu.edu.pk,2019-16781
nanotechlab.itu.edu.pk,2019-16780
nanotechlab.itu.edu.pk,2019-20041
nanotechlab.itu.edu.pk,2020-11027
nanotechlab.itu.edu.pk,2020-11028
nanotechlab.itu.edu.pk,2020-11025
nanotechlab.itu.edu.pk,2020-11030
nanotechlab.itu.edu.pk,2020-11029
nanotechlab.itu.edu.pk,2020-11026
nanotechlab.itu.edu.pk,2020-4046
nanotechlab.itu.edu.pk,2020-4047
nanotechlab.itu.edu.pk,2020-4048
nanotechlab.itu.edu.pk,2020-4049
nanotechlab.itu.edu.pk,2020-4050
nanotechlab.itu.edu.pk,2020-25286
nanotechlab.itu.edu.pk,2021-29450
nanotechlab.itu.edu.pk,2020-36326
nanotechlab.itu.edu.pk,2018-19296
ed.uol.edu.pk,2021-29450
ed.uol.edu.pk,2020-36326
ed.uol.edu.pk,2018-19296
kapco.com.pk,2019-20043
kapco.com.pk,2019-16788
kapco.com.pk,2019-20042
kapco.com.pk,2019-16781
kapco.com.pk,2019-16780
kapco.com.pk,2019-20041
kapco.com.pk,2020-11027
kapco.com.pk,2020-11028
kapco.com.pk,2020-11025
kapco.com.pk,2020-11030
kapco.com.pk,2020-11029
kapco.com.pk,2020-11026
kapco.com.pk,2020-4046
kapco.com.pk,2020-4047
kapco.com.pk,2020-4048
kapco.com.pk,2020-4049
kapco.com.pk,2020-4050
kapco.com.pk,2020-25286
kapco.com.pk,2021-29450
kapco.com.pk,2020-36326
kapco.com.pk,2018-19296
www.sapt.com.pk,2019-9787
www.sapt.com.pk,2019-16222
www.sapt.com.pk,2019-17674
www.sapt.com.pk,2019-17671
www.sapt.com.pk,2019-17672
www.sapt.com.pk,2019-17673
www.sapt.com.pk,2019-17669
www.sapt.com.pk,2019-17670
www.sapt.com.pk,2019-17675
www.sapt.com.pk,2019-20043
www.sapt.com.pk,2019-16788
www.sapt.com.pk,2019-20042
www.sapt.com.pk,2019-16781
www.sapt.com.pk,2019-16780
www.sapt.com.pk,2019-20041
www.sapt.com.pk,2020-11027
www.sapt.com.pk,2020-11028
www.sapt.com.pk,2020-11025
www.sapt.com.pk,2020-11029
www.sapt.com.pk,2020-11026
www.sapt.com.pk,2021-29450
www.sapt.com.pk,2020-36326
www.sapt.com.pk,2018-19296
www.sapt.com.pk,2021-44223
www.sapt.com.pk,2022-21661
www.sapt.com.pk,2022-21662
www.sapt.com.pk,2022-21664
www.sapt.com.pk,2022-21663
203-128-8-57.brain.net.pk,2019-17674
203-128-8-57.brain.net.pk,2019-17671
203-128-8-57.brain.net.pk,2019-17672
203-128-8-57.brain.net.pk,2019-17673
203-128-8-57.brain.net.pk,2019-17669
203-128-8-57.brain.net.pk,2019-17670
203-128-8-57.brain.net.pk,2019-17675
203-128-8-57.brain.net.pk,2019-20043
203-128-8-57.brain.net.pk,2019-16788
203-128-8-57.brain.net.pk,2019-20042
203-128-8-57.brain.net.pk,2019-16781
203-128-8-57.brain.net.pk,2019-16780
203-128-8-57.brain.net.pk,2019-20041
203-128-8-57.brain.net.pk,2020-11027
203-128-8-57.brain.net.pk,2020-11028
203-128-8-57.brain.net.pk,2020-11025
203-128-8-57.brain.net.pk,2020-11029
203-128-8-57.brain.net.pk,2020-11026
abhi.com.pk,2022-21661
abhi.com.pk,2022-21662
abhi.com.pk,2022-21664
abhi.com.pk,2022-21663
carma.lums.edu.pk,2018-20147
carma.lums.edu.pk,2018-20152
carma.lums.edu.pk,2018-20148
carma.lums.edu.pk,2018-20153
carma.lums.edu.pk,2018-20150
carma.lums.edu.pk,2018-20151
carma.lums.edu.pk,2018-20149
carma.lums.edu.pk,2019-8942
carma.lums.edu.pk,2019-8943
carma.lums.edu.pk,2019-9787
carma.lums.edu.pk,2019-16222
carma.lums.edu.pk,2019-17674
carma.lums.edu.pk,2019-17671
carma.lums.edu.pk,2019-17672
carma.lums.edu.pk,2019-17673
carma.lums.edu.pk,2019-17669
carma.lums.edu.pk,2019-17670
carma.lums.edu.pk,2019-17675
carma.lums.edu.pk,2019-20043
carma.lums.edu.pk,2019-16788
carma.lums.edu.pk,2019-20042
carma.lums.edu.pk,2019-16781
carma.lums.edu.pk,2019-16780
carma.lums.edu.pk,2019-20041
carma.lums.edu.pk,2020-11027
carma.lums.edu.pk,2020-11028
carma.lums.edu.pk,2020-11025
carma.lums.edu.pk,2020-11029
carma.lums.edu.pk,2020-11026
carma.lums.edu.pk,2021-29450
carma.lums.edu.pk,2020-36326
carma.lums.edu.pk,2018-19296
carma.lums.edu.pk,2021-44223
carma.lums.edu.pk,2022-21661
carma.lums.edu.pk,2022-21662
carma.lums.edu.pk,2022-21664
carma.lums.edu.pk,2022-21663
www.savings.gov.pk,2017-8295
www.savings.gov.pk,2017-9066
www.savings.gov.pk,2017-9062
www.savings.gov.pk,2017-9065
www.savings.gov.pk,2017-9064
www.savings.gov.pk,2017-9061
www.savings.gov.pk,2017-9063
www.savings.gov.pk,2017-14723
icdl.lums.edu.pk,2021-29447
icdl.lums.edu.pk,2021-29450
icdl.lums.edu.pk,2020-36326
icdl.lums.edu.pk,2018-19296
dl2.itu.edu.pk,2021-29450
dl2.itu.edu.pk,2020-36326
dl2.itu.edu.pk,2018-19296
akhuwat.org.pk,2021-29447
akhuwat.org.pk,2021-29450
akhuwat.org.pk,2020-36326
akhuwat.org.pk,2018-19296
beta5.hamdard.edu.pk,2019-16222
beta5.hamdard.edu.pk,2019-17674
beta5.hamdard.edu.pk,2019-17671
beta5.hamdard.edu.pk,2019-17672
beta5.hamdard.edu.pk,2019-17673
beta5.hamdard.edu.pk,2019-17669
beta5.hamdard.edu.pk,2019-17670
beta5.hamdard.edu.pk,2019-17675
beta5.hamdard.edu.pk,2019-20043
beta5.hamdard.edu.pk,2019-16788
beta5.hamdard.edu.pk,2019-20042
beta5.hamdard.edu.pk,2019-16781
beta5.hamdard.edu.pk,2019-16780
beta5.hamdard.edu.pk,2019-20041
beta5.hamdard.edu.pk,2020-11027
beta5.hamdard.edu.pk,2020-11028
beta5.hamdard.edu.pk,2020-11025
beta5.hamdard.edu.pk,2020-11029
beta5.hamdard.edu.pk,2020-11026
mail.pstd.com.pk,2019-16222
mail.pstd.com.pk,2019-16219
mail.pstd.com.pk,2019-17674
mail.pstd.com.pk,2019-17671
mail.pstd.com.pk,2019-17672
mail.pstd.com.pk,2019-17673
mail.pstd.com.pk,2019-17669
mail.pstd.com.pk,2019-17670
mail.pstd.com.pk,2019-17675
mail.pstd.com.pk,2019-20043
mail.pstd.com.pk,2019-16788
mail.pstd.com.pk,2019-20042
mail.pstd.com.pk,2019-16781
mail.pstd.com.pk,2019-16780
mail.pstd.com.pk,2019-20041
mail.pstd.com.pk,2020-11027
mail.pstd.com.pk,2020-11028
mail.pstd.com.pk,2020-11025
mail.pstd.com.pk,2020-11029
mail.pstd.com.pk,2020-11026
sdgtl.itu.edu.pk,2020-11027
sdgtl.itu.edu.pk,2020-11028
sdgtl.itu.edu.pk,2020-11025
sdgtl.itu.edu.pk,2020-11030
sdgtl.itu.edu.pk,2020-11029
sdgtl.itu.edu.pk,2020-11026
sdgtl.itu.edu.pk,2020-4046
sdgtl.itu.edu.pk,2020-4047
sdgtl.itu.edu.pk,2020-4048
sdgtl.itu.edu.pk,2020-4049
sdgtl.itu.edu.pk,2020-4050
sdgtl.itu.edu.pk,2020-25286
sdgtl.itu.edu.pk,2021-29450
sdgtl.itu.edu.pk,2020-36326
sdgtl.itu.edu.pk,2018-19296
express.pk,2016-1564
express.pk,2016-2222
express.pk,2016-2221
express.pk,2016-4029
express.pk,2016-6634
express.pk,2016-6635
express.pk,2016-4567
express.pk,2016-4566
express.pk,2016-5833
express.pk,2016-5834
express.pk,2016-5835
express.pk,2016-5837
express.pk,2016-7168
express.pk,2016-7169
express.pk,2017-5488
express.pk,2017-5490
express.pk,2017-5491
express.pk,2017-5492
express.pk,2017-5493
express.pk,2017-5610
express.pk,2017-5611
express.pk,2017-6814
express.pk,2017-6815
express.pk,2017-6817
express.pk,2017-6819
express.pk,2017-8295
express.pk,2017-9066
express.pk,2017-9062
express.pk,2017-9065
express.pk,2017-9064
express.pk,2017-9061
express.pk,2017-9063
express.pk,2017-14723
globale.com.pk,2017-14723
globale.com.pk,2017-14725
globale.com.pk,2017-14719
globale.com.pk,2017-14722
globale.com.pk,2017-14724
globale.com.pk,2017-14726
globale.com.pk,2017-8295
globale.com.pk,2017-16510
globale.com.pk,2017-17092
globale.com.pk,2017-17094
globale.com.pk,2017-17093
globale.com.pk,2017-17091
globale.com.pk,2018-5776
globale.com.pk,2016-9263
globale.com.pk,2018-6389
globale.com.pk,2018-10101
globale.com.pk,2018-10100
globale.com.pk,2018-10102
globale.com.pk,2018-12895
globale.com.pk,2018-20147
globale.com.pk,2018-20152
globale.com.pk,2018-20148
globale.com.pk,2018-20153
globale.com.pk,2018-20150
globale.com.pk,2018-20151
globale.com.pk,2018-20149
globale.com.pk,2019-8942
globale.com.pk,2019-8943
globale.com.pk,2019-9787
globale.com.pk,2019-16222
globale.com.pk,2019-17674
globale.com.pk,2019-17671
globale.com.pk,2019-17672
globale.com.pk,2019-17673
globale.com.pk,2019-17669
globale.com.pk,2019-17670
globale.com.pk,2019-17675
globale.com.pk,2019-20043
globale.com.pk,2019-16788
globale.com.pk,2019-20042
globale.com.pk,2019-16781
globale.com.pk,2019-16780
globale.com.pk,2019-20041
globale.com.pk,2020-11027
globale.com.pk,2020-11028
globale.com.pk,2020-11025
globale.com.pk,2020-11029
globale.com.pk,2020-11026
eclab.itu.edu.pk,2019-20043
eclab.itu.edu.pk,2019-16788
eclab.itu.edu.pk,2019-20042
eclab.itu.edu.pk,2019-16781
eclab.itu.edu.pk,2019-16780
eclab.itu.edu.pk,2019-20041
eclab.itu.edu.pk,2020-11027
eclab.itu.edu.pk,2020-11028
eclab.itu.edu.pk,2020-11025
eclab.itu.edu.pk,2020-11030
eclab.itu.edu.pk,2020-11029
eclab.itu.edu.pk,2020-11026
eclab.itu.edu.pk,2020-4046
eclab.itu.edu.pk,2020-4047
eclab.itu.edu.pk,2020-4048
eclab.itu.edu.pk,2020-4049
eclab.itu.edu.pk,2020-4050
eclab.itu.edu.pk,2020-25286
eclab.itu.edu.pk,2021-29450
eclab.itu.edu.pk,2020-36326
eclab.itu.edu.pk,2018-19296
mail.kinnaird.edu.pk,2020-36326
mail.kinnaird.edu.pk,2018-19296
online.itu.edu.pk,2020-11027
online.itu.edu.pk,2020-11028
online.itu.edu.pk,2020-11025
online.itu.edu.pk,2020-11030
online.itu.edu.pk,2020-11029
online.itu.edu.pk,2020-11026
online.itu.edu.pk,2020-4046
online.itu.edu.pk,2020-4047
online.itu.edu.pk,2020-4048
online.itu.edu.pk,2020-4049
online.itu.edu.pk,2020-4050
online.itu.edu.pk,2020-25286
online.itu.edu.pk,2021-29450
online.itu.edu.pk,2020-36326
online.itu.edu.pk,2018-19296
governorsindh.gov.pk,2019-16222
governorsindh.gov.pk,2019-16219
governorsindh.gov.pk,2019-17674
governorsindh.gov.pk,2019-17671
governorsindh.gov.pk,2019-17672
governorsindh.gov.pk,2019-17673
governorsindh.gov.pk,2019-17669
governorsindh.gov.pk,2019-17670
governorsindh.gov.pk,2019-17675
governorsindh.gov.pk,2019-20043
governorsindh.gov.pk,2019-16788
governorsindh.gov.pk,2019-20042
governorsindh.gov.pk,2019-16781
governorsindh.gov.pk,2019-16780
governorsindh.gov.pk,2019-20041
governorsindh.gov.pk,2020-11027
governorsindh.gov.pk,2020-11028
governorsindh.gov.pk,2020-11025
governorsindh.gov.pk,2020-11030
governorsindh.gov.pk,2020-11029
governorsindh.gov.pk,2020-11026
testing.leads.edu.pk,2019-16222
testing.leads.edu.pk,2019-17674
testing.leads.edu.pk,2019-17671
testing.leads.edu.pk,2019-17672
testing.leads.edu.pk,2019-17673
testing.leads.edu.pk,2019-17669
testing.leads.edu.pk,2019-17670
testing.leads.edu.pk,2019-17675
testing.leads.edu.pk,2019-20043
testing.leads.edu.pk,2019-16788
testing.leads.edu.pk,2019-20042
testing.leads.edu.pk,2019-16781
testing.leads.edu.pk,2019-16780
testing.leads.edu.pk,2019-20041
testing.leads.edu.pk,2020-11027
testing.leads.edu.pk,2020-11028
testing.leads.edu.pk,2020-11025
testing.leads.edu.pk,2020-11029
testing.leads.edu.pk,2020-11026
cs.uol.edu.pk,2021-29450
cs.uol.edu.pk,2020-36326
cs.uol.edu.pk,2018-19296
partitionportal.itu.edu.pk,2021-29450
partitionportal.itu.edu.pk,2020-36326
partitionportal.itu.edu.pk,2018-19296
partitionportal.itu.edu.pk,2021-44223
partitionportal.itu.edu.pk,2022-21661
partitionportal.itu.edu.pk,2022-21662
partitionportal.itu.edu.pk,2022-21664
partitionportal.itu.edu.pk,2022-21663
dovs.uol.edu.pk,2021-29450
dovs.uol.edu.pk,2020-36326
dovs.uol.edu.pk,2018-19296
erwo.org.pk,2022-21661
erwo.org.pk,2022-21662
erwo.org.pk,2022-21664
erwo.org.pk,2022-21663
masscom.leads.edu.pk,2018-20147
masscom.leads.edu.pk,2018-20152
masscom.leads.edu.pk,2018-20148
masscom.leads.edu.pk,2018-20153
masscom.leads.edu.pk,2018-20150
masscom.leads.edu.pk,2018-20151
masscom.leads.edu.pk,2018-20149
masscom.leads.edu.pk,2019-8942
masscom.leads.edu.pk,2019-8943
masscom.leads.edu.pk,2019-9787
masscom.leads.edu.pk,2019-16222
masscom.leads.edu.pk,2019-17674
masscom.leads.edu.pk,2019-17671
masscom.leads.edu.pk,2019-17672
masscom.leads.edu.pk,2019-17673
masscom.leads.edu.pk,2019-17669
masscom.leads.edu.pk,2019-17670
masscom.leads.edu.pk,2019-17675
masscom.leads.edu.pk,2019-20043
masscom.leads.edu.pk,2019-16788
masscom.leads.edu.pk,2019-20042
masscom.leads.edu.pk,2019-16781
masscom.leads.edu.pk,2019-16780
masscom.leads.edu.pk,2019-20041
masscom.leads.edu.pk,2020-11027
masscom.leads.edu.pk,2020-11028
masscom.leads.edu.pk,2020-11025
masscom.leads.edu.pk,2020-11029
masscom.leads.edu.pk,2020-11026
masscom.leads.edu.pk,2021-29450
masscom.leads.edu.pk,2020-36326
masscom.leads.edu.pk,2018-19296
masscom.leads.edu.pk,2021-44223
masscom.leads.edu.pk,2022-21661
masscom.leads.edu.pk,2022-21662
masscom.leads.edu.pk,2022-21664
masscom.leads.edu.pk,2022-21663
law.uol.edu.pk,2021-29450
law.uol.edu.pk,2020-36326
law.uol.edu.pk,2018-19296
lsn.uol.edu.pk,2021-29450
lsn.uol.edu.pk,2020-36326
lsn.uol.edu.pk,2018-19296
butribune.bahria.edu.pk,2021-44223
butribune.bahria.edu.pk,2022-21661
butribune.bahria.edu.pk,2022-21662
butribune.bahria.edu.pk,2022-21664
butribune.bahria.edu.pk,2022-21663
im.itu.edu.pk,2020-28032
im.itu.edu.pk,2020-28033
im.itu.edu.pk,2020-28034
im.itu.edu.pk,2020-28035
im.itu.edu.pk,2020-28036
im.itu.edu.pk,2020-28037
im.itu.edu.pk,2020-28038
im.itu.edu.pk,2020-28039
im.itu.edu.pk,2020-28040
im.itu.edu.pk,2021-29450
im.itu.edu.pk,2020-36326
im.itu.edu.pk,2018-19296
www.journal.kinnaird.edu.pk,2017-8295
www.journal.kinnaird.edu.pk,2017-17092
www.journal.kinnaird.edu.pk,2017-17094
www.journal.kinnaird.edu.pk,2017-17093
www.journal.kinnaird.edu.pk,2017-17091
www.journal.kinnaird.edu.pk,2018-5776
www.journal.kinnaird.edu.pk,2016-9263
www.journal.kinnaird.edu.pk,2018-6389
www.journal.kinnaird.edu.pk,2018-10101
www.journal.kinnaird.edu.pk,2018-10100
www.journal.kinnaird.edu.pk,2018-10102
www.journal.kinnaird.edu.pk,2018-12895
www.journal.kinnaird.edu.pk,2018-20147
www.journal.kinnaird.edu.pk,2018-20152
www.journal.kinnaird.edu.pk,2018-20148
www.journal.kinnaird.edu.pk,2018-20153
www.journal.kinnaird.edu.pk,2018-20150
www.journal.kinnaird.edu.pk,2018-20151
www.journal.kinnaird.edu.pk,2018-20149
www.journal.kinnaird.edu.pk,2019-8942
www.journal.kinnaird.edu.pk,2019-8943
www.journal.kinnaird.edu.pk,2019-9787
www.journal.kinnaird.edu.pk,2019-16222
www.journal.kinnaird.edu.pk,2019-17674
www.journal.kinnaird.edu.pk,2019-17671
www.journal.kinnaird.edu.pk,2019-17672
www.journal.kinnaird.edu.pk,2019-17673
www.journal.kinnaird.edu.pk,2019-17669
www.journal.kinnaird.edu.pk,2019-17670
www.journal.kinnaird.edu.pk,2019-17675
www.journal.kinnaird.edu.pk,2019-20043
www.journal.kinnaird.edu.pk,2019-16788
www.journal.kinnaird.edu.pk,2019-20042
www.journal.kinnaird.edu.pk,2019-16781
www.journal.kinnaird.edu.pk,2019-16780
www.journal.kinnaird.edu.pk,2019-20041
www.journal.kinnaird.edu.pk,2020-11027
www.journal.kinnaird.edu.pk,2020-11028
www.journal.kinnaird.edu.pk,2020-11025
www.journal.kinnaird.edu.pk,2020-11029
www.journal.kinnaird.edu.pk,2020-11026
www.journal.kinnaird.edu.pk,2021-29450
www.journal.kinnaird.edu.pk,2020-36326
www.journal.kinnaird.edu.pk,2018-19296
www.journal.kinnaird.edu.pk,2021-44223
www.journal.kinnaird.edu.pk,2022-21661
www.journal.kinnaird.edu.pk,2022-21662
www.journal.kinnaird.edu.pk,2022-21664
www.journal.kinnaird.edu.pk,2022-21663
ms.multi.net.pk,2021-29447
ms.multi.net.pk,2021-29450
ms.multi.net.pk,2020-36326
ms.multi.net.pk,2018-19296
me.uol.edu.pk,2021-29450
me.uol.edu.pk,2020-36326
me.uol.edu.pk,2018-19296
chem.uol.edu.pk,2021-29450
chem.uol.edu.pk,2020-36326
chem.uol.edu.pk,2018-19296
trends.itu.edu.pk,2016-6896
trends.itu.edu.pk,2016-6897
trends.itu.edu.pk,2016-7168
trends.itu.edu.pk,2016-7169
mail.phl.net.pk,2021-29447
mail.phl.net.pk,2021-29450
mail.phl.net.pk,2020-36326
mail.phl.net.pk,2018-19296
trafficpolice.ajk.gov.pk,2020-36326
trafficpolice.ajk.gov.pk,2018-19296
trafficpolice.ajk.gov.pk,2021-44223
trafficpolice.ajk.gov.pk,2022-21661
trafficpolice.ajk.gov.pk,2022-21662
trafficpolice.ajk.gov.pk,2022-21664
trafficpolice.ajk.gov.pk,2022-21663
ibm.uet.edu.pk,2021-39200
ibm.uet.edu.pk,2021-39201
es.uol.edu.pk,2021-29450
es.uol.edu.pk,2020-36326
es.uol.edu.pk,2018-19296
sdss.aiou.edu.pk,2021-39200
sdss.aiou.edu.pk,2021-39201
apply.techone.nust.edu.pk,2021-29450
apply.techone.nust.edu.pk,2020-36326
apply.techone.nust.edu.pk,2018-19296
scholarships.nest.org.pk,2020-36326
scholarships.nest.org.pk,2018-19296
viewbill.ssgc.com.pk,2021-29447
viewbill.ssgc.com.pk,2021-29450
viewbill.ssgc.com.pk,2020-36326
viewbill.ssgc.com.pk,2018-19296
ccode.bahria.edu.pk,2020-11027
ccode.bahria.edu.pk,2020-11028
ccode.bahria.edu.pk,2020-11025
ccode.bahria.edu.pk,2020-11029
ccode.bahria.edu.pk,2020-11026
ccode.bahria.edu.pk,2021-29450
ccode.bahria.edu.pk,2020-36326
ccode.bahria.edu.pk,2018-19296
ccode.bahria.edu.pk,2021-44223
ccode.bahria.edu.pk,2022-21661
ccode.bahria.edu.pk,2022-21662
ccode.bahria.edu.pk,2022-21664
ccode.bahria.edu.pk,2022-21663
sindhi.app.com.pk,2022-21661
sindhi.app.com.pk,2022-21662
sindhi.app.com.pk,2022-21664
sindhi.app.com.pk,2022-21663
blockchain.itu.edu.pk,2021-29447
blockchain.itu.edu.pk,2021-29450
blockchain.itu.edu.pk,2020-36326
blockchain.itu.edu.pk,2018-19296
ch.muet.edu.pk,2019-16218
ch.muet.edu.pk,2019-16223
ch.muet.edu.pk,2019-16220
ch.muet.edu.pk,2019-16219
ch.muet.edu.pk,2019-16221
ch.muet.edu.pk,2019-16222
ch.muet.edu.pk,2019-17674
ch.muet.edu.pk,2019-17671
ch.muet.edu.pk,2019-17672
ch.muet.edu.pk,2019-17673
ch.muet.edu.pk,2019-17669
ch.muet.edu.pk,2019-17670
ch.muet.edu.pk,2019-17675
ch.muet.edu.pk,2019-20043
ch.muet.edu.pk,2019-16788
ch.muet.edu.pk,2019-20042
ch.muet.edu.pk,2019-16781
ch.muet.edu.pk,2019-16780
ch.muet.edu.pk,2019-20041
ch.muet.edu.pk,2020-11027
ch.muet.edu.pk,2020-11028
ch.muet.edu.pk,2020-11025
ch.muet.edu.pk,2020-11030
ch.muet.edu.pk,2020-11029
ch.muet.edu.pk,2020-11026
mail.cwtc.com.pk,2021-29450
mail.cwtc.com.pk,2020-36326
mail.cwtc.com.pk,2018-19296
blog.telemart.pk,2021-44223
blog.telemart.pk,2022-21661
blog.telemart.pk,2022-21662
blog.telemart.pk,2022-21664
blog.telemart.pk,2022-21663
ems.lums.edu.pk,2018-5776
ems.lums.edu.pk,2016-9263
ems.lums.edu.pk,2018-6389
ems.lums.edu.pk,2018-10101
ems.lums.edu.pk,2018-10100
ems.lums.edu.pk,2018-10102
ems.lums.edu.pk,2018-12895
ems.lums.edu.pk,2018-20147
ems.lums.edu.pk,2018-20152
ems.lums.edu.pk,2018-20148
ems.lums.edu.pk,2018-20153
ems.lums.edu.pk,2018-20150
ems.lums.edu.pk,2018-20151
ems.lums.edu.pk,2018-20149
ems.lums.edu.pk,2019-8942
ems.lums.edu.pk,2019-8943
ems.lums.edu.pk,2019-9787
ems.lums.edu.pk,2019-16222
ems.lums.edu.pk,2019-17674
ems.lums.edu.pk,2019-17671
ems.lums.edu.pk,2019-17672
ems.lums.edu.pk,2019-17673
ems.lums.edu.pk,2019-17669
ems.lums.edu.pk,2019-17670
ems.lums.edu.pk,2019-17675
ems.lums.edu.pk,2019-20043
ems.lums.edu.pk,2019-16788
ems.lums.edu.pk,2019-20042
ems.lums.edu.pk,2019-16781
ems.lums.edu.pk,2019-16780
ems.lums.edu.pk,2019-20041
ems.lums.edu.pk,2020-11027
ems.lums.edu.pk,2020-11028
ems.lums.edu.pk,2020-11025
ems.lums.edu.pk,2020-11029
ems.lums.edu.pk,2020-11026
autodiscover.scci.com.pk,2019-16222
autodiscover.scci.com.pk,2019-17674
autodiscover.scci.com.pk,2019-17671
autodiscover.scci.com.pk,2019-17672
autodiscover.scci.com.pk,2019-17673
autodiscover.scci.com.pk,2019-17669
autodiscover.scci.com.pk,2019-17670
autodiscover.scci.com.pk,2019-17675
autodiscover.scci.com.pk,2019-20043
autodiscover.scci.com.pk,2019-16788
autodiscover.scci.com.pk,2019-20042
autodiscover.scci.com.pk,2019-16781
autodiscover.scci.com.pk,2019-16780
autodiscover.scci.com.pk,2019-20041
autodiscover.scci.com.pk,2020-11027
autodiscover.scci.com.pk,2020-11028
autodiscover.scci.com.pk,2020-11025
autodiscover.scci.com.pk,2020-11029
autodiscover.scci.com.pk,2020-11026
afic.gov.pk,2020-28032
afic.gov.pk,2020-28033
afic.gov.pk,2020-28034
afic.gov.pk,2020-28035
afic.gov.pk,2020-28036
afic.gov.pk,2020-28037
afic.gov.pk,2020-28038
afic.gov.pk,2020-28039
afic.gov.pk,2020-28040
afic.gov.pk,2021-29450
afic.gov.pk,2020-36326
afic.gov.pk,2018-19296
nacta.gov.pk,2018-20147
nacta.gov.pk,2018-20152
nacta.gov.pk,2018-20148
nacta.gov.pk,2018-20153
nacta.gov.pk,2018-20150
nacta.gov.pk,2018-20151
nacta.gov.pk,2018-20149
nacta.gov.pk,2019-8942
nacta.gov.pk,2019-8943
nacta.gov.pk,2019-9787
nacta.gov.pk,2019-16222
nacta.gov.pk,2019-17674
nacta.gov.pk,2019-17671
nacta.gov.pk,2019-17672
nacta.gov.pk,2019-17673
nacta.gov.pk,2019-17669
nacta.gov.pk,2019-17670
nacta.gov.pk,2019-17675
nacta.gov.pk,2019-20043
nacta.gov.pk,2019-16788
nacta.gov.pk,2019-20042
nacta.gov.pk,2019-16781
nacta.gov.pk,2019-16780
nacta.gov.pk,2019-20041
nacta.gov.pk,2020-11027
nacta.gov.pk,2020-11028
nacta.gov.pk,2020-11025
nacta.gov.pk,2020-11029
nacta.gov.pk,2020-11026
nacta.gov.pk,2021-29450
nacta.gov.pk,2020-36326
nacta.gov.pk,2018-19296
nacta.gov.pk,2021-44223
nacta.gov.pk,2022-21661
nacta.gov.pk,2022-21662
nacta.gov.pk,2022-21664
nacta.gov.pk,2022-21663
thehive.itu.edu.pk,2020-28032
thehive.itu.edu.pk,2020-28033
thehive.itu.edu.pk,2020-28034
thehive.itu.edu.pk,2020-28035
thehive.itu.edu.pk,2020-28036
thehive.itu.edu.pk,2020-28037
thehive.itu.edu.pk,2020-28038
thehive.itu.edu.pk,2020-28039
thehive.itu.edu.pk,2020-28040
thehive.itu.edu.pk,2021-29450
thehive.itu.edu.pk,2020-36326
thehive.itu.edu.pk,2018-19296
eesr.uet.edu.pk,2022-21661
eesr.uet.edu.pk,2022-21662
eesr.uet.edu.pk,2022-21664
eesr.uet.edu.pk,2022-21663
dnsc.uol.edu.pk,2021-29450
dnsc.uol.edu.pk,2020-36326
dnsc.uol.edu.pk,2018-19296
cdpr.org.pk,2018-20147
cdpr.org.pk,2018-20152
cdpr.org.pk,2018-20148
cdpr.org.pk,2018-20153
cdpr.org.pk,2018-20150
cdpr.org.pk,2018-20151
cdpr.org.pk,2018-20149
cdpr.org.pk,2019-8942
cdpr.org.pk,2019-8943
cdpr.org.pk,2019-9787
cdpr.org.pk,2019-16222
cdpr.org.pk,2019-17674
cdpr.org.pk,2019-17671
cdpr.org.pk,2019-17672
cdpr.org.pk,2019-17673
cdpr.org.pk,2019-17669
cdpr.org.pk,2019-17670
cdpr.org.pk,2019-17675
cdpr.org.pk,2019-20043
cdpr.org.pk,2019-16788
cdpr.org.pk,2019-20042
cdpr.org.pk,2019-16781
cdpr.org.pk,2019-16780
cdpr.org.pk,2019-20041
cdpr.org.pk,2020-11027
cdpr.org.pk,2020-11028
cdpr.org.pk,2020-11025
cdpr.org.pk,2020-11029
cdpr.org.pk,2020-11026
cdpr.org.pk,2021-29450
cdpr.org.pk,2020-36326
cdpr.org.pk,2018-19296
cdpr.org.pk,2021-44223
cdpr.org.pk,2022-21661
cdpr.org.pk,2022-21662
cdpr.org.pk,2022-21664
cdpr.org.pk,2022-21663
ieee.lums.edu.pk,2021-29450
ieee.lums.edu.pk,2020-36326
ieee.lums.edu.pk,2018-19296
monet.com.pk,2017-17092
monet.com.pk,2017-17094
monet.com.pk,2017-17093
monet.com.pk,2017-17091
monet.com.pk,2018-5776
monet.com.pk,2016-9263
monet.com.pk,2018-6389
monet.com.pk,2018-10101
monet.com.pk,2018-10100
monet.com.pk,2018-10102
monet.com.pk,2018-12895
monet.com.pk,2018-20147
monet.com.pk,2018-20152
monet.com.pk,2018-20148
monet.com.pk,2018-20153
monet.com.pk,2018-20150
monet.com.pk,2018-20151
monet.com.pk,2018-20149
monet.com.pk,2019-8942
monet.com.pk,2019-8943
monet.com.pk,2019-9787
monet.com.pk,2019-16222
monet.com.pk,2019-17674
monet.com.pk,2019-17671
monet.com.pk,2019-17672
monet.com.pk,2019-17673
monet.com.pk,2019-17669
monet.com.pk,2019-17670
monet.com.pk,2019-17675
monet.com.pk,2019-20043
monet.com.pk,2019-16788
monet.com.pk,2019-20042
monet.com.pk,2019-16781
monet.com.pk,2019-16780
monet.com.pk,2019-20041
monet.com.pk,2020-11027
monet.com.pk,2020-11028
monet.com.pk,2020-11025
monet.com.pk,2020-11029
monet.com.pk,2020-11026
kac.com.pk,2020-36326
kac.com.pk,2018-19296
kac.com.pk,2021-44223
kac.com.pk,2022-21661
kac.com.pk,2022-21662
kac.com.pk,2022-21664
kac.com.pk,2022-21663
mail.pasha.org.pk,2020-36326
mail.pasha.org.pk,2018-19296
cgp.itu.edu.pk,2016-7168
cgp.itu.edu.pk,2016-7169
ce.uol.edu.pk,2021-29450
ce.uol.edu.pk,2020-36326
ce.uol.edu.pk,2018-19296
isj.org.pk,2016-4029
isj.org.pk,2016-6634
isj.org.pk,2016-6635
isj.org.pk,2016-4566
isj.org.pk,2016-5835
isj.org.pk,2016-5837
isj.org.pk,2016-7168
isj.org.pk,2016-7169
isj.org.pk,2017-5488
isj.org.pk,2017-5490
isj.org.pk,2017-5491
isj.org.pk,2017-5492
isj.org.pk,2017-5493
isj.org.pk,2017-5611
isj.org.pk,2017-6814
isj.org.pk,2017-6815
isj.org.pk,2017-8295
isj.org.pk,2017-9066
isj.org.pk,2017-9062
isj.org.pk,2017-9065
isj.org.pk,2017-9064
isj.org.pk,2017-9061
isj.org.pk,2017-9063
isj.org.pk,2017-14723
ssc.itu.edu.pk,2020-11027
ssc.itu.edu.pk,2020-11028
ssc.itu.edu.pk,2020-11025
ssc.itu.edu.pk,2020-11030
ssc.itu.edu.pk,2020-11029
ssc.itu.edu.pk,2020-11026
ssc.itu.edu.pk,2020-4046
ssc.itu.edu.pk,2020-4047
ssc.itu.edu.pk,2020-4048
ssc.itu.edu.pk,2020-4049
ssc.itu.edu.pk,2020-4050
ssc.itu.edu.pk,2020-25286
ssc.itu.edu.pk,2021-29450
ssc.itu.edu.pk,2020-36326
ssc.itu.edu.pk,2018-19296
blog.knowledgeplatform.com.pk,2018-12895
blog.knowledgeplatform.com.pk,2018-20147
blog.knowledgeplatform.com.pk,2018-20152
blog.knowledgeplatform.com.pk,2018-20148
blog.knowledgeplatform.com.pk,2018-20153
blog.knowledgeplatform.com.pk,2018-20150
blog.knowledgeplatform.com.pk,2018-20151
blog.knowledgeplatform.com.pk,2018-20149
blog.knowledgeplatform.com.pk,2019-8942
blog.knowledgeplatform.com.pk,2019-8943
blog.knowledgeplatform.com.pk,2019-9787
blog.knowledgeplatform.com.pk,2019-16222
blog.knowledgeplatform.com.pk,2019-17674
blog.knowledgeplatform.com.pk,2019-17671
blog.knowledgeplatform.com.pk,2019-17672
blog.knowledgeplatform.com.pk,2019-17673
blog.knowledgeplatform.com.pk,2019-17669
blog.knowledgeplatform.com.pk,2019-17670
blog.knowledgeplatform.com.pk,2019-17675
blog.knowledgeplatform.com.pk,2019-20043
blog.knowledgeplatform.com.pk,2019-16788
blog.knowledgeplatform.com.pk,2019-20042
blog.knowledgeplatform.com.pk,2019-16781
blog.knowledgeplatform.com.pk,2019-16780
blog.knowledgeplatform.com.pk,2019-20041
blog.knowledgeplatform.com.pk,2020-11027
blog.knowledgeplatform.com.pk,2020-11028
blog.knowledgeplatform.com.pk,2020-11025
blog.knowledgeplatform.com.pk,2020-11029
blog.knowledgeplatform.com.pk,2020-11026
blog.knowledgeplatform.com.pk,2021-29450
blog.knowledgeplatform.com.pk,2020-36326
blog.knowledgeplatform.com.pk,2018-19296
blog.knowledgeplatform.com.pk,2021-44223
blog.knowledgeplatform.com.pk,2022-21661
blog.knowledgeplatform.com.pk,2022-21662
blog.knowledgeplatform.com.pk,2022-21664
blog.knowledgeplatform.com.pk,2022-21663
ijss.qau.edu.pk,2020-11027
ijss.qau.edu.pk,2020-11028
ijss.qau.edu.pk,2020-11025
ijss.qau.edu.pk,2020-11030
ijss.qau.edu.pk,2020-11029
ijss.qau.edu.pk,2020-11026
ijss.qau.edu.pk,2020-4046
ijss.qau.edu.pk,2020-4047
ijss.qau.edu.pk,2020-4048
ijss.qau.edu.pk,2020-4049
ijss.qau.edu.pk,2020-4050
ijss.qau.edu.pk,2020-25286
ijss.qau.edu.pk,2021-29450
ijss.qau.edu.pk,2020-36326
ijss.qau.edu.pk,2018-19296
cgav.ucp.edu.pk,2018-12895
cgav.ucp.edu.pk,2018-20147
cgav.ucp.edu.pk,2018-20152
cgav.ucp.edu.pk,2018-20148
cgav.ucp.edu.pk,2018-20153
cgav.ucp.edu.pk,2018-20150
cgav.ucp.edu.pk,2018-20151
cgav.ucp.edu.pk,2018-20149
cgav.ucp.edu.pk,2019-8942
cgav.ucp.edu.pk,2019-8943
cgav.ucp.edu.pk,2019-9787
cgav.ucp.edu.pk,2019-16222
cgav.ucp.edu.pk,2019-17674
cgav.ucp.edu.pk,2019-17671
cgav.ucp.edu.pk,2019-17672
cgav.ucp.edu.pk,2019-17673
cgav.ucp.edu.pk,2019-17669
cgav.ucp.edu.pk,2019-17670
cgav.ucp.edu.pk,2019-17675
cgav.ucp.edu.pk,2019-20043
cgav.ucp.edu.pk,2019-16788
cgav.ucp.edu.pk,2019-20042
cgav.ucp.edu.pk,2019-16781
cgav.ucp.edu.pk,2019-16780
cgav.ucp.edu.pk,2019-20041
cgav.ucp.edu.pk,2020-11027
cgav.ucp.edu.pk,2020-11028
cgav.ucp.edu.pk,2020-11025
cgav.ucp.edu.pk,2020-11029
cgav.ucp.edu.pk,2020-11026
search.secp.gov.pk,2021-29450
search.secp.gov.pk,2020-36326
search.secp.gov.pk,2018-19296
ceec.uet.edu.pk,2022-21661
ceec.uet.edu.pk,2022-21662
ceec.uet.edu.pk,2022-21664
ceec.uet.edu.pk,2022-21663
mme.uet.edu.pk,2022-21661
mme.uet.edu.pk,2022-21662
mme.uet.edu.pk,2022-21664
mme.uet.edu.pk,2022-21663
mail.afic.gov.pk,2020-28032
mail.afic.gov.pk,2020-28033
mail.afic.gov.pk,2020-28034
mail.afic.gov.pk,2020-28035
mail.afic.gov.pk,2020-28036
mail.afic.gov.pk,2020-28037
mail.afic.gov.pk,2020-28038
mail.afic.gov.pk,2020-28039
mail.afic.gov.pk,2020-28040
mail.afic.gov.pk,2021-29450
mail.afic.gov.pk,2020-36326
mail.afic.gov.pk,2018-19296
oric.qau.edu.pk,2012-2401
oric.qau.edu.pk,2013-0235
grsc.iobm.edu.pk,2021-29450
grsc.iobm.edu.pk,2020-36326
grsc.iobm.edu.pk,2018-19296
grsc.iobm.edu.pk,2021-44223
grsc.iobm.edu.pk,2022-21661
grsc.iobm.edu.pk,2022-21662
grsc.iobm.edu.pk,2022-21664
grsc.iobm.edu.pk,2022-21663
pid.uet.edu.pk,2022-21661
pid.uet.edu.pk,2022-21662
pid.uet.edu.pk,2022-21664
pid.uet.edu.pk,2022-21663
mlt.uol.edu.pk,2021-29450
mlt.uol.edu.pk,2020-36326
mlt.uol.edu.pk,2018-19296
juw.edu.pk,2021-29447
juw.edu.pk,2021-29450
juw.edu.pk,2020-36326
juw.edu.pk,2018-19296
aechs.com.pk,2019-16222
aechs.com.pk,2019-16219
aechs.com.pk,2019-17674
aechs.com.pk,2019-17671
aechs.com.pk,2019-17672
aechs.com.pk,2019-17673
aechs.com.pk,2019-17669
aechs.com.pk,2019-17670
aechs.com.pk,2019-17675
aechs.com.pk,2019-20043
aechs.com.pk,2019-16788
aechs.com.pk,2019-20042
aechs.com.pk,2019-16781
aechs.com.pk,2019-16780
aechs.com.pk,2019-20041
aechs.com.pk,2020-11027
aechs.com.pk,2020-11028
aechs.com.pk,2020-11025
aechs.com.pk,2020-11029
aechs.com.pk,2020-11026
autoconfig.demp.gov.pk,2022-21661
autoconfig.demp.gov.pk,2022-21662
autoconfig.demp.gov.pk,2022-21664
autoconfig.demp.gov.pk,2022-21663
chemical.uet.edu.pk,2022-21661
chemical.uet.edu.pk,2022-21662
chemical.uet.edu.pk,2022-21664
chemical.uet.edu.pk,2022-21663
asa.qau.edu.pk,2020-11027
asa.qau.edu.pk,2020-11028
asa.qau.edu.pk,2020-11025
asa.qau.edu.pk,2020-11030
asa.qau.edu.pk,2020-11029
asa.qau.edu.pk,2020-11026
asa.qau.edu.pk,2020-4046
asa.qau.edu.pk,2020-4047
asa.qau.edu.pk,2020-4048
asa.qau.edu.pk,2020-4049
asa.qau.edu.pk,2020-4050
asa.qau.edu.pk,2020-25286
asa.qau.edu.pk,2021-29450
asa.qau.edu.pk,2020-36326
asa.qau.edu.pk,2018-19296
jnasp.kinnaird.edu.pk,2017-8295
jnasp.kinnaird.edu.pk,2017-17092
jnasp.kinnaird.edu.pk,2017-17094
jnasp.kinnaird.edu.pk,2017-17093
jnasp.kinnaird.edu.pk,2017-17091
jnasp.kinnaird.edu.pk,2018-5776
jnasp.kinnaird.edu.pk,2016-9263
jnasp.kinnaird.edu.pk,2018-6389
jnasp.kinnaird.edu.pk,2018-10101
jnasp.kinnaird.edu.pk,2018-10100
jnasp.kinnaird.edu.pk,2018-10102
jnasp.kinnaird.edu.pk,2018-12895
jnasp.kinnaird.edu.pk,2018-20147
jnasp.kinnaird.edu.pk,2018-20152
jnasp.kinnaird.edu.pk,2018-20148
jnasp.kinnaird.edu.pk,2018-20153
jnasp.kinnaird.edu.pk,2018-20150
jnasp.kinnaird.edu.pk,2018-20151
jnasp.kinnaird.edu.pk,2018-20149
jnasp.kinnaird.edu.pk,2019-8942
jnasp.kinnaird.edu.pk,2019-8943
jnasp.kinnaird.edu.pk,2019-9787
jnasp.kinnaird.edu.pk,2019-16222
jnasp.kinnaird.edu.pk,2019-17674
jnasp.kinnaird.edu.pk,2019-17671
jnasp.kinnaird.edu.pk,2019-17672
jnasp.kinnaird.edu.pk,2019-17673
jnasp.kinnaird.edu.pk,2019-17669
jnasp.kinnaird.edu.pk,2019-17670
jnasp.kinnaird.edu.pk,2019-17675
jnasp.kinnaird.edu.pk,2019-20043
jnasp.kinnaird.edu.pk,2019-16788
jnasp.kinnaird.edu.pk,2019-20042
jnasp.kinnaird.edu.pk,2019-16781
jnasp.kinnaird.edu.pk,2019-16780
jnasp.kinnaird.edu.pk,2019-20041
jnasp.kinnaird.edu.pk,2020-11027
jnasp.kinnaird.edu.pk,2020-11028
jnasp.kinnaird.edu.pk,2020-11025
jnasp.kinnaird.edu.pk,2020-11029
jnasp.kinnaird.edu.pk,2020-11026
jnasp.kinnaird.edu.pk,2021-29450
jnasp.kinnaird.edu.pk,2020-36326
jnasp.kinnaird.edu.pk,2018-19296
jnasp.kinnaird.edu.pk,2021-44223
jnasp.kinnaird.edu.pk,2022-21661
jnasp.kinnaird.edu.pk,2022-21662
jnasp.kinnaird.edu.pk,2022-21664
jnasp.kinnaird.edu.pk,2022-21663
hope.org.pk,2020-4047
hope.org.pk,2020-4048
hope.org.pk,2020-4049
hope.org.pk,2020-4050
hope.org.pk,2020-25286
hope.org.pk,2021-29450
hope.org.pk,2020-36326
hope.org.pk,2018-19296
hope.org.pk,2021-44223
hope.org.pk,2022-21661
hope.org.pk,2022-21662
hope.org.pk,2022-21664
hope.org.pk,2022-21663
business.gov.pk,2020-36326
business.gov.pk,2018-19296
openday.uet.edu.pk,2021-39200
openday.uet.edu.pk,2021-39201
lib.qau.edu.pk,2018-20147
lib.qau.edu.pk,2018-20152
lib.qau.edu.pk,2018-20148
lib.qau.edu.pk,2018-20153
lib.qau.edu.pk,2018-20150
lib.qau.edu.pk,2018-20151
lib.qau.edu.pk,2018-20149
lib.qau.edu.pk,2019-8942
lib.qau.edu.pk,2019-8943
lib.qau.edu.pk,2019-9787
lib.qau.edu.pk,2019-16222
lib.qau.edu.pk,2019-17674
lib.qau.edu.pk,2019-17671
lib.qau.edu.pk,2019-17672
lib.qau.edu.pk,2019-17673
lib.qau.edu.pk,2019-17669
lib.qau.edu.pk,2019-17670
lib.qau.edu.pk,2019-17675
lib.qau.edu.pk,2019-20043
lib.qau.edu.pk,2019-16788
lib.qau.edu.pk,2019-20042
lib.qau.edu.pk,2019-16781
lib.qau.edu.pk,2019-16780
lib.qau.edu.pk,2019-20041
lib.qau.edu.pk,2020-11027
lib.qau.edu.pk,2020-11028
lib.qau.edu.pk,2020-11025
lib.qau.edu.pk,2020-11029
lib.qau.edu.pk,2020-11026
lib.qau.edu.pk,2021-29450
lib.qau.edu.pk,2020-36326
lib.qau.edu.pk,2018-19296
lib.qau.edu.pk,2021-44223
lib.qau.edu.pk,2022-21661
lib.qau.edu.pk,2022-21662
lib.qau.edu.pk,2022-21664
lib.qau.edu.pk,2022-21663
ee.uol.edu.pk,2021-29450
ee.uol.edu.pk,2020-36326
ee.uol.edu.pk,2018-19296
math.uol.edu.pk,2021-29450
math.uol.edu.pk,2020-36326
math.uol.edu.pk,2018-19296
chem.qau.edu.pk,2021-44223
chem.qau.edu.pk,2022-21661
chem.qau.edu.pk,2022-21662
chem.qau.edu.pk,2022-21664
chem.qau.edu.pk,2022-21663
imrlab.pafkiet.edu.pk,2019-9787
imrlab.pafkiet.edu.pk,2019-16222
imrlab.pafkiet.edu.pk,2019-16219
imrlab.pafkiet.edu.pk,2019-17674
imrlab.pafkiet.edu.pk,2019-17671
imrlab.pafkiet.edu.pk,2019-17672
imrlab.pafkiet.edu.pk,2019-17673
imrlab.pafkiet.edu.pk,2019-17669
imrlab.pafkiet.edu.pk,2019-17670
imrlab.pafkiet.edu.pk,2019-17675
imrlab.pafkiet.edu.pk,2019-20043
imrlab.pafkiet.edu.pk,2019-16788
imrlab.pafkiet.edu.pk,2019-20042
imrlab.pafkiet.edu.pk,2019-16781
imrlab.pafkiet.edu.pk,2019-16780
imrlab.pafkiet.edu.pk,2019-20041
imrlab.pafkiet.edu.pk,2020-11027
imrlab.pafkiet.edu.pk,2020-11028
imrlab.pafkiet.edu.pk,2020-11025
imrlab.pafkiet.edu.pk,2020-11029
imrlab.pafkiet.edu.pk,2020-11026
lsa.uol.edu.pk,2021-29450
lsa.uol.edu.pk,2020-36326
lsa.uol.edu.pk,2018-19296
nie.gov.pk,2016-1564
nie.gov.pk,2016-2222
nie.gov.pk,2016-2221
nie.gov.pk,2016-4029
nie.gov.pk,2016-6634
nie.gov.pk,2016-6635
nie.gov.pk,2016-4567
nie.gov.pk,2016-4566
nie.gov.pk,2016-5833
nie.gov.pk,2016-5834
nie.gov.pk,2016-5835
nie.gov.pk,2016-5837
nie.gov.pk,2016-7168
nie.gov.pk,2016-7169
cactus.itu.edu.pk,2019-20043
cactus.itu.edu.pk,2019-16788
cactus.itu.edu.pk,2019-20042
cactus.itu.edu.pk,2019-16781
cactus.itu.edu.pk,2019-16780
cactus.itu.edu.pk,2019-20041
cactus.itu.edu.pk,2020-11027
cactus.itu.edu.pk,2020-11028
cactus.itu.edu.pk,2020-11025
cactus.itu.edu.pk,2020-11030
cactus.itu.edu.pk,2020-11029
cactus.itu.edu.pk,2020-11026
cactus.itu.edu.pk,2020-4046
cactus.itu.edu.pk,2020-4047
cactus.itu.edu.pk,2020-4048
cactus.itu.edu.pk,2020-4049
cactus.itu.edu.pk,2020-4050
cactus.itu.edu.pk,2020-25286
cactus.itu.edu.pk,2021-29450
cactus.itu.edu.pk,2020-36326
cactus.itu.edu.pk,2018-19296
casm.lums.edu.pk,2021-29447
casm.lums.edu.pk,2021-29450
casm.lums.edu.pk,2020-36326
casm.lums.edu.pk,2018-19296
econ.uol.edu.pk,2021-29450
econ.uol.edu.pk,2020-36326
econ.uol.edu.pk,2018-19296
debate.lums.edu.pk,2014-9034
debate.lums.edu.pk,2014-9038
debate.lums.edu.pk,2014-9032
debate.lums.edu.pk,2015-3438
debate.lums.edu.pk,2015-3439
debate.lums.edu.pk,2014-9033
debate.lums.edu.pk,2015-5622
debate.lums.edu.pk,2015-5623
debate.lums.edu.pk,2015-2213
debate.lums.edu.pk,2015-5730
debate.lums.edu.pk,2015-5732
debate.lums.edu.pk,2015-5733
debate.lums.edu.pk,2015-5734
debate.lums.edu.pk,2015-5714
debate.lums.edu.pk,2015-7989
debate.lums.edu.pk,2015-5715
debate.lums.edu.pk,2016-1564
debate.lums.edu.pk,2016-2222
debate.lums.edu.pk,2016-2221
debate.lums.edu.pk,2016-4029
debate.lums.edu.pk,2016-6634
debate.lums.edu.pk,2016-6635
debate.lums.edu.pk,2016-4566
debate.lums.edu.pk,2016-5835
debate.lums.edu.pk,2016-5837
debate.lums.edu.pk,2016-7168
debate.lums.edu.pk,2016-7169
debate.lums.edu.pk,2017-5488
debate.lums.edu.pk,2017-5490
debate.lums.edu.pk,2017-5491
debate.lums.edu.pk,2017-5492
debate.lums.edu.pk,2017-5493
debate.lums.edu.pk,2017-5611
debate.lums.edu.pk,2017-6814
debate.lums.edu.pk,2017-6815
debate.lums.edu.pk,2017-6817
debate.lums.edu.pk,2017-8295
debate.lums.edu.pk,2017-9066
debate.lums.edu.pk,2017-9062
debate.lums.edu.pk,2017-9065
debate.lums.edu.pk,2017-9064
debate.lums.edu.pk,2017-9061
debate.lums.edu.pk,2017-9063
debate.lums.edu.pk,2017-14723
math.qau.edu.pk,2019-17674
math.qau.edu.pk,2019-17671
math.qau.edu.pk,2019-17672
math.qau.edu.pk,2019-17673
math.qau.edu.pk,2019-17669
math.qau.edu.pk,2019-17670
math.qau.edu.pk,2019-17675
math.qau.edu.pk,2019-20043
math.qau.edu.pk,2019-16788
math.qau.edu.pk,2019-20042
math.qau.edu.pk,2019-16781
math.qau.edu.pk,2019-16780
math.qau.edu.pk,2019-20041
math.qau.edu.pk,2020-11027
math.qau.edu.pk,2020-11028
math.qau.edu.pk,2020-11025
math.qau.edu.pk,2020-11030
math.qau.edu.pk,2020-11029
math.qau.edu.pk,2020-11026
011.colgate.com.pk,2021-39200
011.colgate.com.pk,2021-39201
lbs.uol.edu.pk,2021-29450
lbs.uol.edu.pk,2020-36326
lbs.uol.edu.pk,2018-19296
giki.edu.pk,2022-21661
giki.edu.pk,2022-21662
giki.edu.pk,2022-21664
giki.edu.pk,2022-21663
savings.gov.pk,2017-8295
savings.gov.pk,2017-9066
savings.gov.pk,2017-9062
savings.gov.pk,2017-9065
savings.gov.pk,2017-9064
savings.gov.pk,2017-9061
savings.gov.pk,2017-9063
savings.gov.pk,2017-14723
updated.psqca.com.pk,2019-20043
updated.psqca.com.pk,2019-16788
updated.psqca.com.pk,2019-20042
updated.psqca.com.pk,2019-16781
updated.psqca.com.pk,2019-16780
updated.psqca.com.pk,2019-20041
updated.psqca.com.pk,2020-11027
updated.psqca.com.pk,2020-11028
updated.psqca.com.pk,2020-11025
updated.psqca.com.pk,2020-11030
updated.psqca.com.pk,2020-11029
updated.psqca.com.pk,2020-11026
updated.psqca.com.pk,2020-4046
updated.psqca.com.pk,2020-4047
updated.psqca.com.pk,2020-4048
updated.psqca.com.pk,2020-4049
updated.psqca.com.pk,2020-4050
updated.psqca.com.pk,2020-25286
updated.psqca.com.pk,2021-29450
updated.psqca.com.pk,2020-36326
updated.psqca.com.pk,2018-19296
mvs.itu.edu.pk,2017-8295
mvs.itu.edu.pk,2017-16510
mvs.itu.edu.pk,2017-17092
mvs.itu.edu.pk,2017-17094
mvs.itu.edu.pk,2017-17093
mvs.itu.edu.pk,2017-17091
mvs.itu.edu.pk,2018-5776
mvs.itu.edu.pk,2016-9263
mvs.itu.edu.pk,2018-6389
mvs.itu.edu.pk,2018-10101
mvs.itu.edu.pk,2018-10100
mvs.itu.edu.pk,2018-10102
mvs.itu.edu.pk,2018-12895
mvs.itu.edu.pk,2018-20147
mvs.itu.edu.pk,2018-20152
mvs.itu.edu.pk,2018-20148
mvs.itu.edu.pk,2018-20153
mvs.itu.edu.pk,2018-20150
mvs.itu.edu.pk,2018-20151
mvs.itu.edu.pk,2018-20149
mvs.itu.edu.pk,2019-8942
mvs.itu.edu.pk,2019-8943
mvs.itu.edu.pk,2019-9787
mvs.itu.edu.pk,2019-16222
mvs.itu.edu.pk,2019-17674
mvs.itu.edu.pk,2019-17671
mvs.itu.edu.pk,2019-17672
mvs.itu.edu.pk,2019-17673
mvs.itu.edu.pk,2019-17669
mvs.itu.edu.pk,2019-17670
mvs.itu.edu.pk,2019-17675
mvs.itu.edu.pk,2019-20043
mvs.itu.edu.pk,2019-16788
mvs.itu.edu.pk,2019-20042
mvs.itu.edu.pk,2019-16781
mvs.itu.edu.pk,2019-16780
mvs.itu.edu.pk,2019-20041
mvs.itu.edu.pk,2020-11027
mvs.itu.edu.pk,2020-11028
mvs.itu.edu.pk,2020-11025
mvs.itu.edu.pk,2020-11029
mvs.itu.edu.pk,2020-11026
mvs.itu.edu.pk,2021-29450
mvs.itu.edu.pk,2020-36326
mvs.itu.edu.pk,2018-19296
mvs.itu.edu.pk,2021-44223
mvs.itu.edu.pk,2022-21661
mvs.itu.edu.pk,2022-21662
mvs.itu.edu.pk,2022-21664
mvs.itu.edu.pk,2022-21663
caaf.gov.pk,2014-9034
caaf.gov.pk,2014-9038
caaf.gov.pk,2014-9032
caaf.gov.pk,2015-3438
caaf.gov.pk,2015-3439
caaf.gov.pk,2014-9033
caaf.gov.pk,2015-5622
caaf.gov.pk,2015-5623
caaf.gov.pk,2015-2213
caaf.gov.pk,2015-5730
caaf.gov.pk,2015-5732
caaf.gov.pk,2015-5733
caaf.gov.pk,2015-5734
caaf.gov.pk,2015-5714
caaf.gov.pk,2015-7989
caaf.gov.pk,2015-5715
caaf.gov.pk,2016-1564
caaf.gov.pk,2016-2222
caaf.gov.pk,2016-2221
caaf.gov.pk,2016-4029
caaf.gov.pk,2016-6634
caaf.gov.pk,2016-6635
caaf.gov.pk,2016-4566
caaf.gov.pk,2016-5835
caaf.gov.pk,2016-5837
caaf.gov.pk,2016-7168
caaf.gov.pk,2016-7169
caaf.gov.pk,2017-5488
caaf.gov.pk,2017-5490
caaf.gov.pk,2017-5491
caaf.gov.pk,2017-5492
caaf.gov.pk,2017-5493
caaf.gov.pk,2017-5611
caaf.gov.pk,2017-6814
caaf.gov.pk,2017-6815
caaf.gov.pk,2017-6817
caaf.gov.pk,2017-8295
caaf.gov.pk,2017-9066
caaf.gov.pk,2017-9062
caaf.gov.pk,2017-9065
caaf.gov.pk,2017-9064
caaf.gov.pk,2017-9061
caaf.gov.pk,2017-9063
caaf.gov.pk,2017-14723
enrolmentportal.habib.edu.pk,2022-21661
enrolmentportal.habib.edu.pk,2022-21662
enrolmentportal.habib.edu.pk,2022-21664
enrolmentportal.habib.edu.pk,2022-21663
cwtc.com.pk,2021-29450
cwtc.com.pk,2020-36326
cwtc.com.pk,2018-19296
hum-aahang.lums.edu.pk,2018-20147
hum-aahang.lums.edu.pk,2018-20152
hum-aahang.lums.edu.pk,2018-20148
hum-aahang.lums.edu.pk,2018-20153
hum-aahang.lums.edu.pk,2018-20150
hum-aahang.lums.edu.pk,2018-20151
hum-aahang.lums.edu.pk,2018-20149
hum-aahang.lums.edu.pk,2019-8942
hum-aahang.lums.edu.pk,2019-8943
hum-aahang.lums.edu.pk,2019-9787
hum-aahang.lums.edu.pk,2019-16222
hum-aahang.lums.edu.pk,2019-17674
hum-aahang.lums.edu.pk,2019-17671
hum-aahang.lums.edu.pk,2019-17672
hum-aahang.lums.edu.pk,2019-17673
hum-aahang.lums.edu.pk,2019-17669
hum-aahang.lums.edu.pk,2019-17670
hum-aahang.lums.edu.pk,2019-17675
hum-aahang.lums.edu.pk,2019-20043
hum-aahang.lums.edu.pk,2019-16788
hum-aahang.lums.edu.pk,2019-20042
hum-aahang.lums.edu.pk,2019-16781
hum-aahang.lums.edu.pk,2019-16780
hum-aahang.lums.edu.pk,2019-20041
hum-aahang.lums.edu.pk,2020-11027
hum-aahang.lums.edu.pk,2020-11028
hum-aahang.lums.edu.pk,2020-11025
hum-aahang.lums.edu.pk,2020-11029
hum-aahang.lums.edu.pk,2020-11026
hum-aahang.lums.edu.pk,2021-29450
hum-aahang.lums.edu.pk,2020-36326
hum-aahang.lums.edu.pk,2018-19296
hum-aahang.lums.edu.pk,2021-44223
hum-aahang.lums.edu.pk,2022-21661
hum-aahang.lums.edu.pk,2022-21662
hum-aahang.lums.edu.pk,2022-21664
hum-aahang.lums.edu.pk,2022-21663
humsci.leads.edu.pk,2018-20147
humsci.leads.edu.pk,2018-20152
humsci.leads.edu.pk,2018-20148
humsci.leads.edu.pk,2018-20153
humsci.leads.edu.pk,2018-20150
humsci.leads.edu.pk,2018-20151
humsci.leads.edu.pk,2018-20149
humsci.leads.edu.pk,2019-8942
humsci.leads.edu.pk,2019-8943
humsci.leads.edu.pk,2019-9787
humsci.leads.edu.pk,2019-16222
humsci.leads.edu.pk,2019-17674
humsci.leads.edu.pk,2019-17671
humsci.leads.edu.pk,2019-17672
humsci.leads.edu.pk,2019-17673
humsci.leads.edu.pk,2019-17669
humsci.leads.edu.pk,2019-17670
humsci.leads.edu.pk,2019-17675
humsci.leads.edu.pk,2019-20043
humsci.leads.edu.pk,2019-16788
humsci.leads.edu.pk,2019-20042
humsci.leads.edu.pk,2019-16781
humsci.leads.edu.pk,2019-16780
humsci.leads.edu.pk,2019-20041
humsci.leads.edu.pk,2020-11027
humsci.leads.edu.pk,2020-11028
humsci.leads.edu.pk,2020-11025
humsci.leads.edu.pk,2020-11029
humsci.leads.edu.pk,2020-11026
humsci.leads.edu.pk,2021-29450
humsci.leads.edu.pk,2020-36326
humsci.leads.edu.pk,2018-19296
humsci.leads.edu.pk,2021-44223
humsci.leads.edu.pk,2022-21661
humsci.leads.edu.pk,2022-21662
humsci.leads.edu.pk,2022-21664
humsci.leads.edu.pk,2022-21663
pharm.leads.edu.pk,2018-20147
pharm.leads.edu.pk,2018-20152
pharm.leads.edu.pk,2018-20148
pharm.leads.edu.pk,2018-20153
pharm.leads.edu.pk,2018-20150
pharm.leads.edu.pk,2018-20151
pharm.leads.edu.pk,2018-20149
pharm.leads.edu.pk,2019-8942
pharm.leads.edu.pk,2019-8943
pharm.leads.edu.pk,2019-9787
pharm.leads.edu.pk,2019-16222
pharm.leads.edu.pk,2019-17674
pharm.leads.edu.pk,2019-17671
pharm.leads.edu.pk,2019-17672
pharm.leads.edu.pk,2019-17673
pharm.leads.edu.pk,2019-17669
pharm.leads.edu.pk,2019-17670
pharm.leads.edu.pk,2019-17675
pharm.leads.edu.pk,2019-20043
pharm.leads.edu.pk,2019-16788
pharm.leads.edu.pk,2019-20042
pharm.leads.edu.pk,2019-16781
pharm.leads.edu.pk,2019-16780
pharm.leads.edu.pk,2019-20041
pharm.leads.edu.pk,2020-11027
pharm.leads.edu.pk,2020-11028
pharm.leads.edu.pk,2020-11025
pharm.leads.edu.pk,2020-11029
pharm.leads.edu.pk,2020-11026
pharm.leads.edu.pk,2021-29450
pharm.leads.edu.pk,2020-36326
pharm.leads.edu.pk,2018-19296
pharm.leads.edu.pk,2021-44223
pharm.leads.edu.pk,2022-21661
pharm.leads.edu.pk,2022-21662
pharm.leads.edu.pk,2022-21664
pharm.leads.edu.pk,2022-21663
admissions.leads.edu.pk,2020-11027
admissions.leads.edu.pk,2020-11028
admissions.leads.edu.pk,2020-11025
admissions.leads.edu.pk,2020-11029
admissions.leads.edu.pk,2020-11026
admissions.leads.edu.pk,2020-4047
admissions.leads.edu.pk,2020-4048
admissions.leads.edu.pk,2020-4049
admissions.leads.edu.pk,2020-4050
admissions.leads.edu.pk,2020-25286
admissions.leads.edu.pk,2021-29450
admissions.leads.edu.pk,2020-36326
admissions.leads.edu.pk,2018-19296
admissions.leads.edu.pk,2021-44223
admissions.leads.edu.pk,2022-21661
admissions.leads.edu.pk,2022-21662
admissions.leads.edu.pk,2022-21664
admissions.leads.edu.pk,2022-21663
sapt.com.pk,2019-9787
sapt.com.pk,2019-16222
sapt.com.pk,2019-17674
sapt.com.pk,2019-17671
sapt.com.pk,2019-17672
sapt.com.pk,2019-17673
sapt.com.pk,2019-17669
sapt.com.pk,2019-17670
sapt.com.pk,2019-17675
sapt.com.pk,2019-20043
sapt.com.pk,2019-16788
sapt.com.pk,2019-20042
sapt.com.pk,2019-16781
sapt.com.pk,2019-16780
sapt.com.pk,2019-20041
sapt.com.pk,2020-11027
sapt.com.pk,2020-11028
sapt.com.pk,2020-11025
sapt.com.pk,2020-11029
sapt.com.pk,2020-11026
sapt.com.pk,2021-29450
sapt.com.pk,2020-36326
sapt.com.pk,2018-19296
sapt.com.pk,2021-44223
sapt.com.pk,2022-21661
sapt.com.pk,2022-21662
sapt.com.pk,2022-21664
sapt.com.pk,2022-21663
allnewalto.com.pk,2019-16222
allnewalto.com.pk,2019-17674
allnewalto.com.pk,2019-17671
allnewalto.com.pk,2019-17672
allnewalto.com.pk,2019-17673
allnewalto.com.pk,2019-17669
allnewalto.com.pk,2019-17670
allnewalto.com.pk,2019-17675
allnewalto.com.pk,2019-20043
allnewalto.com.pk,2019-16788
allnewalto.com.pk,2019-20042
allnewalto.com.pk,2019-16781
allnewalto.com.pk,2019-16780
allnewalto.com.pk,2019-20041
allnewalto.com.pk,2020-11027
allnewalto.com.pk,2020-11028
allnewalto.com.pk,2020-11025
allnewalto.com.pk,2020-11029
allnewalto.com.pk,2020-11026
demo.meb.com.pk,2020-4046
demo.meb.com.pk,2020-4047
demo.meb.com.pk,2020-4048
demo.meb.com.pk,2020-4049
demo.meb.com.pk,2020-4050
demo.meb.com.pk,2020-25286
demo.meb.com.pk,2021-29450
demo.meb.com.pk,2020-36326
demo.meb.com.pk,2018-19296
me.dsu.edu.pk,2019-16222
me.dsu.edu.pk,2019-16219
me.dsu.edu.pk,2019-17674
me.dsu.edu.pk,2019-17671
me.dsu.edu.pk,2019-17672
me.dsu.edu.pk,2019-17673
me.dsu.edu.pk,2019-17669
me.dsu.edu.pk,2019-17670
me.dsu.edu.pk,2019-17675
me.dsu.edu.pk,2019-20043
me.dsu.edu.pk,2019-16788
me.dsu.edu.pk,2019-20042
me.dsu.edu.pk,2019-16781
me.dsu.edu.pk,2019-16780
me.dsu.edu.pk,2019-20041
me.dsu.edu.pk,2020-11027
me.dsu.edu.pk,2020-11028
me.dsu.edu.pk,2020-11025
me.dsu.edu.pk,2020-11029
me.dsu.edu.pk,2020-11026
knowledgeplatform.com.pk,2020-11027
knowledgeplatform.com.pk,2020-11028
knowledgeplatform.com.pk,2020-11025
knowledgeplatform.com.pk,2020-11030
knowledgeplatform.com.pk,2020-11029
knowledgeplatform.com.pk,2020-11026
knowledgeplatform.com.pk,2020-4046
knowledgeplatform.com.pk,2020-4047
knowledgeplatform.com.pk,2020-4048
knowledgeplatform.com.pk,2020-4049
knowledgeplatform.com.pk,2020-4050
knowledgeplatform.com.pk,2020-25286
knowledgeplatform.com.pk,2021-29450
knowledgeplatform.com.pk,2020-36326
knowledgeplatform.com.pk,2018-19296
itu.edu.pk,2021-29447
itu.edu.pk,2021-29450
itu.edu.pk,2020-36326
itu.edu.pk,2018-19296
fintra.lums.edu.pk,2022-21661
fintra.lums.edu.pk,2022-21662
fintra.lums.edu.pk,2022-21664
fintra.lums.edu.pk,2022-21663
dhpt.uol.edu.pk,2021-29450
dhpt.uol.edu.pk,2020-36326
dhpt.uol.edu.pk,2018-19296
mail.sef.org.pk,2021-29450
mail.sef.org.pk,2020-36326
mail.sef.org.pk,2018-19296
mail.sef.org.pk,2021-44223
mail.sef.org.pk,2022-21661
mail.sef.org.pk,2022-21662
mail.sef.org.pk,2022-21664
mail.sef.org.pk,2022-21663
